ISO-10303-21;
HEADER;
/* Generated by software containing ST-Developer
 * from STEP Tools, Inc. (www.steptools.com) 
 */
/* OPTION: using custom schema-name function */

FILE_DESCRIPTION(
/* description */ (''),
/* implementation_level */ '2;1');

FILE_NAME(
/* name */ '1.stp',
/* time_stamp */ '2026-03-16T23:04:24+08:00',
/* author */ (''),
/* organization */ (''),
/* preprocessor_version */ 'ST-DEVELOPER v16.7',
/* originating_system */ 'SIEMENS PLM Software NX 1899',
/* authorisation */ '');

FILE_SCHEMA (('AUTOMOTIVE_DESIGN { 1 0 10303 214 3 1 1 1 }'));
ENDSEC;

DATA;
#10=CONTEXT_DEPENDENT_SHAPE_REPRESENTATION(#18,#44);
#11=CONTEXT_DEPENDENT_SHAPE_REPRESENTATION(#19,#45);
#12=CONTEXT_DEPENDENT_SHAPE_REPRESENTATION(#20,#46);
#13=CONTEXT_DEPENDENT_SHAPE_REPRESENTATION(#21,#47);
#14=NEXT_ASSEMBLY_USAGE_OCCURRENCE('1001',' ','9G\X2\8235673A\X0\',#52,
#51,$);
#15=NEXT_ASSEMBLY_USAGE_OCCURRENCE('1002',' ','\X2\56FA5B9A6746\X0\',#52,
#50,$);
#16=NEXT_ASSEMBLY_USAGE_OCCURRENCE('1003',' ','\X2\684667B6\X0\',#52,#49,
$);
#17=NEXT_ASSEMBLY_USAGE_OCCURRENCE('1004',' ','\X2\9F7F8F6E\X0\',#52,#48,
$);
#18=(
REPRESENTATION_RELATIONSHIP(' ',' ',#83,#84)
REPRESENTATION_RELATIONSHIP_WITH_TRANSFORMATION(#22)
SHAPE_REPRESENTATION_RELATIONSHIP()
);
#19=(
REPRESENTATION_RELATIONSHIP(' ',' ',#82,#84)
REPRESENTATION_RELATIONSHIP_WITH_TRANSFORMATION(#23)
SHAPE_REPRESENTATION_RELATIONSHIP()
);
#20=(
REPRESENTATION_RELATIONSHIP(' ',' ',#81,#84)
REPRESENTATION_RELATIONSHIP_WITH_TRANSFORMATION(#24)
SHAPE_REPRESENTATION_RELATIONSHIP()
);
#21=(
REPRESENTATION_RELATIONSHIP(' ',' ',#80,#84)
REPRESENTATION_RELATIONSHIP_WITH_TRANSFORMATION(#25)
SHAPE_REPRESENTATION_RELATIONSHIP()
);
#22=ITEM_DEFINED_TRANSFORMATION(' ',' ',#2641,#2854);
#23=ITEM_DEFINED_TRANSFORMATION(' ',' ',#2641,#2855);
#24=ITEM_DEFINED_TRANSFORMATION(' ',' ',#2641,#2856);
#25=ITEM_DEFINED_TRANSFORMATION(' ',' ',#2641,#2857);
#26=SHAPE_REPRESENTATION_RELATIONSHIP('None',
'relationship between \X2\9F7F8F6E\X0\-None and \X2\9F7F8F6E\X0\-None',
#80,#30);
#27=SHAPE_REPRESENTATION_RELATIONSHIP('None',
'relationship between \X2\684667B6\X0\-None and \X2\684667B6\X0\-None',
#81,#31);
#28=SHAPE_REPRESENTATION_RELATIONSHIP('None',
'relationship between \X2\56FA5B9A6746\X0\-None and \X2\56FA5B9A6746\X0\-
None',#82,#32);
#29=SHAPE_REPRESENTATION_RELATIONSHIP('None',
'relationship between 9g\X2\8235673A\X0\-None and 9g\X2\8235673A\X0\-N
one',#83,#33);
#30=ADVANCED_BREP_SHAPE_REPRESENTATION('\X2\9F7F8F6E\X0\-None',(#136),#4314);
#31=ADVANCED_BREP_SHAPE_REPRESENTATION('\X2\684667B6\X0\-None',(#135),#4313);
#32=ADVANCED_BREP_SHAPE_REPRESENTATION('\X2\56FA5B9A6746\X0\-None',(#134),
#4312);
#33=ADVANCED_BREP_SHAPE_REPRESENTATION('9g\X2\8235673A\X0\-None',(#133),
#4311);
#34=SHAPE_DEFINITION_REPRESENTATION(#39,#80);
#35=SHAPE_DEFINITION_REPRESENTATION(#40,#81);
#36=SHAPE_DEFINITION_REPRESENTATION(#41,#82);
#37=SHAPE_DEFINITION_REPRESENTATION(#42,#83);
#38=SHAPE_DEFINITION_REPRESENTATION(#43,#84);
#39=PRODUCT_DEFINITION_SHAPE('','',#48);
#40=PRODUCT_DEFINITION_SHAPE('','',#49);
#41=PRODUCT_DEFINITION_SHAPE('','',#50);
#42=PRODUCT_DEFINITION_SHAPE('','',#51);
#43=PRODUCT_DEFINITION_SHAPE('','',#52);
#44=PRODUCT_DEFINITION_SHAPE(' ','NAUO PRDDFN',#14);
#45=PRODUCT_DEFINITION_SHAPE(' ','NAUO PRDDFN',#15);
#46=PRODUCT_DEFINITION_SHAPE(' ','NAUO PRDDFN',#16);
#47=PRODUCT_DEFINITION_SHAPE(' ','NAUO PRDDFN',#17);
#48=PRODUCT_DEFINITION(' ','',#58,#53);
#49=PRODUCT_DEFINITION(' ','',#59,#54);
#50=PRODUCT_DEFINITION(' ','',#60,#55);
#51=PRODUCT_DEFINITION(' ','',#61,#56);
#52=PRODUCT_DEFINITION(' ','',#62,#57);
#53=PRODUCT_DEFINITION_CONTEXT('part definition',#79,'design');
#54=PRODUCT_DEFINITION_CONTEXT('part definition',#79,'design');
#55=PRODUCT_DEFINITION_CONTEXT('part definition',#79,'design');
#56=PRODUCT_DEFINITION_CONTEXT('part definition',#79,'design');
#57=PRODUCT_DEFINITION_CONTEXT('part definition',#79,'design');
#58=PRODUCT_DEFINITION_FORMATION_WITH_SPECIFIED_SOURCE(' ',' ',#68,
 .NOT_KNOWN.);
#59=PRODUCT_DEFINITION_FORMATION_WITH_SPECIFIED_SOURCE(' ',' ',#69,
 .NOT_KNOWN.);
#60=PRODUCT_DEFINITION_FORMATION_WITH_SPECIFIED_SOURCE(' ',' ',#70,
 .NOT_KNOWN.);
#61=PRODUCT_DEFINITION_FORMATION_WITH_SPECIFIED_SOURCE(' ',' ',#71,
 .NOT_KNOWN.);
#62=PRODUCT_DEFINITION_FORMATION_WITH_SPECIFIED_SOURCE(' ',' ',#72,
 .NOT_KNOWN.);
#63=PRODUCT_RELATED_PRODUCT_CATEGORY('part','',(#68));
#64=PRODUCT_RELATED_PRODUCT_CATEGORY('part','',(#69));
#65=PRODUCT_RELATED_PRODUCT_CATEGORY('part','',(#70));
#66=PRODUCT_RELATED_PRODUCT_CATEGORY('part','',(#71));
#67=PRODUCT_RELATED_PRODUCT_CATEGORY('part','',(#72));
#68=PRODUCT('\X2\9F7F8F6E\X0\','\X2\9F7F8F6E\X0\',' ',(#73));
#69=PRODUCT('\X2\684667B6\X0\','\X2\684667B6\X0\',' ',(#74));
#70=PRODUCT('\X2\56FA5B9A6746\X0\','\X2\56FA5B9A6746\X0\',' ',(#75));
#71=PRODUCT('9g\X2\8235673A\X0\','9g\X2\8235673A\X0\',' ',(#76));
#72=PRODUCT('1','1',' ',(#77));
#73=PRODUCT_CONTEXT(' ',#79,'mechanical');
#74=PRODUCT_CONTEXT(' ',#79,'mechanical');
#75=PRODUCT_CONTEXT(' ',#79,'mechanical');
#76=PRODUCT_CONTEXT(' ',#79,'mechanical');
#77=PRODUCT_CONTEXT(' ',#79,'mechanical');
#78=APPLICATION_PROTOCOL_DEFINITION('international standard',
'automotive_design',2010,#79);
#79=APPLICATION_CONTEXT(
'core data for automotive mechanical design processes');
#80=SHAPE_REPRESENTATION('\X2\9F7F8F6E\X0\-None',(#2641),#4314);
#81=SHAPE_REPRESENTATION('\X2\684667B6\X0\-None',(#2641),#4313);
#82=SHAPE_REPRESENTATION('\X2\56FA5B9A6746\X0\-None',(#2641),#4312);
#83=SHAPE_REPRESENTATION('9g\X2\8235673A\X0\-None',(#2641),#4311);
#84=SHAPE_REPRESENTATION('1-none',(#2641,#2854,#2855,#2856,#2857),#4310);
#85=B_SPLINE_CURVE_WITH_KNOTS('',3,(#4000,#4001,#4002,#4003),
 .UNSPECIFIED.,.F.,.F.,(4,4),(0.,1.),.UNSPECIFIED.);
#86=B_SPLINE_CURVE_WITH_KNOTS('',3,(#4007,#4008,#4009,#4010),
 .UNSPECIFIED.,.F.,.F.,(4,4),(0.,1.),.UNSPECIFIED.);
#87=B_SPLINE_CURVE_WITH_KNOTS('',3,(#4015,#4016,#4017,#4018),
 .UNSPECIFIED.,.F.,.F.,(4,4),(0.,1.),.UNSPECIFIED.);
#88=B_SPLINE_CURVE_WITH_KNOTS('',3,(#4022,#4023,#4024,#4025),
 .UNSPECIFIED.,.F.,.F.,(4,4),(0.,1.),.UNSPECIFIED.);
#89=B_SPLINE_CURVE_WITH_KNOTS('',3,(#4139,#4140,#4141,#4142),
 .UNSPECIFIED.,.F.,.F.,(4,4),(0.,1.),.UNSPECIFIED.);
#90=B_SPLINE_CURVE_WITH_KNOTS('',3,(#4143,#4144,#4145,#4146),
 .UNSPECIFIED.,.F.,.F.,(4,4),(0.,1.),.UNSPECIFIED.);
#91=B_SPLINE_CURVE_WITH_KNOTS('',3,(#4150,#4151,#4152,#4153),
 .UNSPECIFIED.,.F.,.F.,(4,4),(0.,1.),.UNSPECIFIED.);
#92=B_SPLINE_CURVE_WITH_KNOTS('',3,(#4154,#4155,#4156,#4157),
 .UNSPECIFIED.,.F.,.F.,(4,4),(0.,1.),.UNSPECIFIED.);
#93=CONICAL_SURFACE('',#2769,1.5,45.);
#94=CONICAL_SURFACE('',#2770,1.5,45.);
#95=TOROIDAL_SURFACE('',#2746,1.1,0.4);
#96=TOROIDAL_SURFACE('',#2752,1.1,0.4);
#97=ELLIPSE('',#2742,0.565685424949238,0.4);
#98=ELLIPSE('',#2748,0.56568542494924,0.4);
#99=ELLIPSE('',#2800,7.31580373593566,1.);
#100=ELLIPSE('',#2801,7.31580373593566,1.);
#101=ELLIPSE('',#2803,7.31580373593566,1.);
#102=ELLIPSE('',#2804,7.31580373593566,1.);
#103=PRESENTATION_LAYER_ASSIGNMENT('1','Layer 1',(#133,#134,#135,#136));
#104=STYLED_ITEM('',(#108),#133);
#105=STYLED_ITEM('',(#109),#134);
#106=STYLED_ITEM('',(#110),#135);
#107=STYLED_ITEM('',(#111),#136);
#108=PRESENTATION_STYLE_ASSIGNMENT((#112));
#109=PRESENTATION_STYLE_ASSIGNMENT((#113));
#110=PRESENTATION_STYLE_ASSIGNMENT((#114));
#111=PRESENTATION_STYLE_ASSIGNMENT((#115));
#112=SURFACE_STYLE_USAGE(.BOTH.,#116);
#113=SURFACE_STYLE_USAGE(.BOTH.,#117);
#114=SURFACE_STYLE_USAGE(.BOTH.,#118);
#115=SURFACE_STYLE_USAGE(.BOTH.,#119);
#116=SURFACE_SIDE_STYLE('',(#120));
#117=SURFACE_SIDE_STYLE('',(#121));
#118=SURFACE_SIDE_STYLE('',(#122));
#119=SURFACE_SIDE_STYLE('',(#123));
#120=SURFACE_STYLE_FILL_AREA(#124);
#121=SURFACE_STYLE_FILL_AREA(#125);
#122=SURFACE_STYLE_FILL_AREA(#126);
#123=SURFACE_STYLE_FILL_AREA(#127);
#124=FILL_AREA_STYLE('',(#128));
#125=FILL_AREA_STYLE('',(#129));
#126=FILL_AREA_STYLE('',(#130));
#127=FILL_AREA_STYLE('',(#131));
#128=FILL_AREA_STYLE_COLOUR('',#132);
#129=FILL_AREA_STYLE_COLOUR('',#132);
#130=FILL_AREA_STYLE_COLOUR('',#132);
#131=FILL_AREA_STYLE_COLOUR('',#132);
#132=COLOUR_RGB('Orange',1.,0.6,0.);
#133=MANIFOLD_SOLID_BREP('',#137);
#134=MANIFOLD_SOLID_BREP('',#138);
#135=MANIFOLD_SOLID_BREP('',#139);
#136=MANIFOLD_SOLID_BREP('A_BODY',#140);
#137=CLOSED_SHELL('',(#900,#901,#902,#903,#904,#905,#906,#907,#908,#909,
#910,#911,#912,#913,#914,#915,#916,#917,#918,#919,#920,#921,#922,#923,#924,
#925,#926,#927,#928,#929,#930));
#138=CLOSED_SHELL('',(#931,#932,#933,#934,#935,#936,#937,#938,#939,#940,
#941,#942,#943,#944,#945,#946));
#139=CLOSED_SHELL('',(#947,#948,#949,#950,#951,#952,#953,#954,#955,#956,
#957,#958,#959,#960,#961,#962,#963,#964,#965,#966,#967,#968,#969,#970,#971,
#972,#973,#974,#975,#976,#977,#978,#979));
#140=CLOSED_SHELL('',(#980,#981,#982,#983,#984,#985,#986,#987,#988,#989,
#990,#991,#992,#993,#994,#995,#996,#997,#998,#999,#1000,#1001,#1002,#1003,
#1004,#1005,#1006,#1007,#1008,#1009,#1010,#1011,#1012,#1013,#1014,#1015,
#1016,#1017,#1018,#1019,#1020,#1021,#1022,#1023,#1024,#1025,#1026,#1027,
#1028,#1029,#1030,#1031,#1032,#1033,#1034,#1035,#1036,#1037,#1038,#1039,
#1040,#1041,#1042,#1043));
#141=FACE_OUTER_BOUND('',#1143,.T.);
#142=FACE_OUTER_BOUND('',#1144,.T.);
#143=FACE_OUTER_BOUND('',#1145,.T.);
#144=FACE_OUTER_BOUND('',#1146,.T.);
#145=FACE_OUTER_BOUND('',#1147,.T.);
#146=FACE_OUTER_BOUND('',#1148,.T.);
#147=FACE_OUTER_BOUND('',#1149,.T.);
#148=FACE_OUTER_BOUND('',#1150,.T.);
#149=FACE_OUTER_BOUND('',#1151,.T.);
#150=FACE_OUTER_BOUND('',#1152,.T.);
#151=FACE_OUTER_BOUND('',#1153,.T.);
#152=FACE_OUTER_BOUND('',#1154,.T.);
#153=FACE_OUTER_BOUND('',#1155,.T.);
#154=FACE_OUTER_BOUND('',#1156,.T.);
#155=FACE_OUTER_BOUND('',#1157,.T.);
#156=FACE_OUTER_BOUND('',#1158,.T.);
#157=FACE_OUTER_BOUND('',#1159,.T.);
#158=FACE_OUTER_BOUND('',#1160,.T.);
#159=FACE_OUTER_BOUND('',#1161,.T.);
#160=FACE_OUTER_BOUND('',#1162,.T.);
#161=FACE_OUTER_BOUND('',#1163,.T.);
#162=FACE_OUTER_BOUND('',#1164,.T.);
#163=FACE_OUTER_BOUND('',#1165,.T.);
#164=FACE_OUTER_BOUND('',#1166,.T.);
#165=FACE_OUTER_BOUND('',#1167,.T.);
#166=FACE_OUTER_BOUND('',#1168,.T.);
#167=FACE_OUTER_BOUND('',#1173,.T.);
#168=FACE_OUTER_BOUND('',#1174,.T.);
#169=FACE_OUTER_BOUND('',#1175,.T.);
#170=FACE_OUTER_BOUND('',#1176,.T.);
#171=FACE_OUTER_BOUND('',#1177,.T.);
#172=FACE_OUTER_BOUND('',#1182,.T.);
#173=FACE_OUTER_BOUND('',#1183,.T.);
#174=FACE_OUTER_BOUND('',#1184,.T.);
#175=FACE_OUTER_BOUND('',#1185,.T.);
#176=FACE_OUTER_BOUND('',#1200,.T.);
#177=FACE_OUTER_BOUND('',#1206,.T.);
#178=FACE_OUTER_BOUND('',#1207,.T.);
#179=FACE_OUTER_BOUND('',#1208,.T.);
#180=FACE_OUTER_BOUND('',#1209,.T.);
#181=FACE_OUTER_BOUND('',#1210,.T.);
#182=FACE_OUTER_BOUND('',#1211,.T.);
#183=FACE_OUTER_BOUND('',#1212,.T.);
#184=FACE_OUTER_BOUND('',#1213,.T.);
#185=FACE_OUTER_BOUND('',#1214,.T.);
#186=FACE_OUTER_BOUND('',#1215,.T.);
#187=FACE_OUTER_BOUND('',#1216,.T.);
#188=FACE_OUTER_BOUND('',#1217,.T.);
#189=FACE_OUTER_BOUND('',#1218,.T.);
#190=FACE_OUTER_BOUND('',#1219,.T.);
#191=FACE_OUTER_BOUND('',#1220,.T.);
#192=FACE_OUTER_BOUND('',#1221,.T.);
#193=FACE_OUTER_BOUND('',#1222,.T.);
#194=FACE_OUTER_BOUND('',#1223,.T.);
#195=FACE_OUTER_BOUND('',#1224,.T.);
#196=FACE_OUTER_BOUND('',#1225,.T.);
#197=FACE_OUTER_BOUND('',#1232,.T.);
#198=FACE_OUTER_BOUND('',#1233,.T.);
#199=FACE_OUTER_BOUND('',#1242,.T.);
#200=FACE_OUTER_BOUND('',#1249,.T.);
#201=FACE_OUTER_BOUND('',#1250,.T.);
#202=FACE_OUTER_BOUND('',#1261,.T.);
#203=FACE_OUTER_BOUND('',#1262,.T.);
#204=FACE_OUTER_BOUND('',#1263,.T.);
#205=FACE_OUTER_BOUND('',#1264,.T.);
#206=FACE_OUTER_BOUND('',#1265,.T.);
#207=FACE_OUTER_BOUND('',#1266,.T.);
#208=FACE_OUTER_BOUND('',#1267,.T.);
#209=FACE_OUTER_BOUND('',#1268,.T.);
#210=FACE_OUTER_BOUND('',#1269,.T.);
#211=FACE_OUTER_BOUND('',#1270,.T.);
#212=FACE_OUTER_BOUND('',#1271,.T.);
#213=FACE_OUTER_BOUND('',#1272,.T.);
#214=FACE_OUTER_BOUND('',#1273,.T.);
#215=FACE_OUTER_BOUND('',#1274,.T.);
#216=FACE_OUTER_BOUND('',#1275,.T.);
#217=FACE_OUTER_BOUND('',#1276,.T.);
#218=FACE_OUTER_BOUND('',#1277,.T.);
#219=FACE_OUTER_BOUND('',#1278,.T.);
#220=FACE_OUTER_BOUND('',#1279,.T.);
#221=FACE_OUTER_BOUND('',#1280,.T.);
#222=FACE_OUTER_BOUND('',#1281,.T.);
#223=FACE_OUTER_BOUND('',#1282,.T.);
#224=FACE_OUTER_BOUND('',#1283,.T.);
#225=FACE_OUTER_BOUND('',#1284,.T.);
#226=FACE_OUTER_BOUND('',#1285,.T.);
#227=FACE_OUTER_BOUND('',#1286,.T.);
#228=FACE_OUTER_BOUND('',#1287,.T.);
#229=FACE_OUTER_BOUND('',#1288,.T.);
#230=FACE_OUTER_BOUND('',#1289,.T.);
#231=FACE_OUTER_BOUND('',#1290,.T.);
#232=FACE_OUTER_BOUND('',#1291,.T.);
#233=FACE_OUTER_BOUND('',#1292,.T.);
#234=FACE_OUTER_BOUND('',#1293,.T.);
#235=FACE_OUTER_BOUND('',#1294,.T.);
#236=FACE_OUTER_BOUND('',#1295,.T.);
#237=FACE_OUTER_BOUND('',#1296,.T.);
#238=FACE_OUTER_BOUND('',#1297,.T.);
#239=FACE_OUTER_BOUND('',#1298,.T.);
#240=FACE_OUTER_BOUND('',#1299,.T.);
#241=FACE_OUTER_BOUND('',#1300,.T.);
#242=FACE_OUTER_BOUND('',#1301,.T.);
#243=FACE_OUTER_BOUND('',#1302,.T.);
#244=FACE_OUTER_BOUND('',#1303,.T.);
#245=FACE_OUTER_BOUND('',#1304,.T.);
#246=FACE_OUTER_BOUND('',#1305,.T.);
#247=FACE_OUTER_BOUND('',#1306,.T.);
#248=FACE_OUTER_BOUND('',#1307,.T.);
#249=FACE_OUTER_BOUND('',#1308,.T.);
#250=FACE_OUTER_BOUND('',#1309,.T.);
#251=FACE_OUTER_BOUND('',#1310,.T.);
#252=FACE_OUTER_BOUND('',#1311,.T.);
#253=FACE_OUTER_BOUND('',#1312,.T.);
#254=FACE_OUTER_BOUND('',#1313,.T.);
#255=FACE_OUTER_BOUND('',#1314,.T.);
#256=FACE_OUTER_BOUND('',#1315,.T.);
#257=FACE_OUTER_BOUND('',#1316,.T.);
#258=FACE_OUTER_BOUND('',#1317,.T.);
#259=FACE_OUTER_BOUND('',#1318,.T.);
#260=LINE('',#3575,#527);
#261=LINE('',#3577,#528);
#262=LINE('',#3579,#529);
#263=LINE('',#3583,#530);
#264=LINE('',#3585,#531);
#265=LINE('',#3587,#532);
#266=LINE('',#3590,#533);
#267=LINE('',#3592,#534);
#268=LINE('',#3594,#535);
#269=LINE('',#3596,#536);
#270=LINE('',#3599,#537);
#271=LINE('',#3600,#538);
#272=LINE('',#3602,#539);
#273=LINE('',#3604,#540);
#274=LINE('',#3606,#541);
#275=LINE('',#3608,#542);
#276=LINE('',#3610,#543);
#277=LINE('',#3612,#544);
#278=LINE('',#3614,#545);
#279=LINE('',#3616,#546);
#280=LINE('',#3618,#547);
#281=LINE('',#3619,#548);
#282=LINE('',#3620,#549);
#283=LINE('',#3622,#550);
#284=LINE('',#3624,#551);
#285=LINE('',#3626,#552);
#286=LINE('',#3629,#553);
#287=LINE('',#3630,#554);
#288=LINE('',#3632,#555);
#289=LINE('',#3633,#556);
#290=LINE('',#3635,#557);
#291=LINE('',#3637,#558);
#292=LINE('',#3638,#559);
#293=LINE('',#3640,#560);
#294=LINE('',#3642,#561);
#295=LINE('',#3647,#562);
#296=LINE('',#3649,#563);
#297=LINE('',#3651,#564);
#298=LINE('',#3653,#565);
#299=LINE('',#3655,#566);
#300=LINE('',#3657,#567);
#301=LINE('',#3663,#568);
#302=LINE('',#3665,#569);
#303=LINE('',#3667,#570);
#304=LINE('',#3669,#571);
#305=LINE('',#3671,#572);
#306=LINE('',#3672,#573);
#307=LINE('',#3676,#574);
#308=LINE('',#3678,#575);
#309=LINE('',#3680,#576);
#310=LINE('',#3682,#577);
#311=LINE('',#3684,#578);
#312=LINE('',#3686,#579);
#313=LINE('',#3690,#580);
#314=LINE('',#3694,#581);
#315=LINE('',#3696,#582);
#316=LINE('',#3698,#583);
#317=LINE('',#3700,#584);
#318=LINE('',#3701,#585);
#319=LINE('',#3705,#586);
#320=LINE('',#3709,#587);
#321=LINE('',#3718,#588);
#322=LINE('',#3721,#589);
#323=LINE('',#3723,#590);
#324=LINE('',#3725,#591);
#325=LINE('',#3729,#592);
#326=LINE('',#3733,#593);
#327=LINE('',#3735,#594);
#328=LINE('',#3737,#595);
#329=LINE('',#3743,#596);
#330=LINE('',#3747,#597);
#331=LINE('',#3755,#598);
#332=LINE('',#3759,#599);
#333=LINE('',#3761,#600);
#334=LINE('',#3763,#601);
#335=LINE('',#3767,#602);
#336=LINE('',#3769,#603);
#337=LINE('',#3788,#604);
#338=LINE('',#3793,#605);
#339=LINE('',#3795,#606);
#340=LINE('',#3797,#607);
#341=LINE('',#3799,#608);
#342=LINE('',#3801,#609);
#343=LINE('',#3803,#610);
#344=LINE('',#3804,#611);
#345=LINE('',#3807,#612);
#346=LINE('',#3811,#613);
#347=LINE('',#3814,#614);
#348=LINE('',#3815,#615);
#349=LINE('',#3817,#616);
#350=LINE('',#3819,#617);
#351=LINE('',#3824,#618);
#352=LINE('',#3826,#619);
#353=LINE('',#3830,#620);
#354=LINE('',#3832,#621);
#355=LINE('',#3833,#622);
#356=LINE('',#3837,#623);
#357=LINE('',#3839,#624);
#358=LINE('',#3841,#625);
#359=LINE('',#3843,#626);
#360=LINE('',#3845,#627);
#361=LINE('',#3847,#628);
#362=LINE('',#3849,#629);
#363=LINE('',#3851,#630);
#364=LINE('',#3853,#631);
#365=LINE('',#3855,#632);
#366=LINE('',#3857,#633);
#367=LINE('',#3859,#634);
#368=LINE('',#3861,#635);
#369=LINE('',#3862,#636);
#370=LINE('',#3865,#637);
#371=LINE('',#3869,#638);
#372=LINE('',#3870,#639);
#373=LINE('',#3872,#640);
#374=LINE('',#3876,#641);
#375=LINE('',#3878,#642);
#376=LINE('',#3880,#643);
#377=LINE('',#3882,#644);
#378=LINE('',#3884,#645);
#379=LINE('',#3888,#646);
#380=LINE('',#3890,#647);
#381=LINE('',#3892,#648);
#382=LINE('',#3894,#649);
#383=LINE('',#3896,#650);
#384=LINE('',#3897,#651);
#385=LINE('',#3899,#652);
#386=LINE('',#3901,#653);
#387=LINE('',#3903,#654);
#388=LINE('',#3904,#655);
#389=LINE('',#3920,#656);
#390=LINE('',#3926,#657);
#391=LINE('',#3928,#658);
#392=LINE('',#3934,#659);
#393=LINE('',#3936,#660);
#394=LINE('',#3938,#661);
#395=LINE('',#3953,#662);
#396=LINE('',#3955,#663);
#397=LINE('',#3959,#664);
#398=LINE('',#3961,#665);
#399=LINE('',#3964,#666);
#400=LINE('',#3967,#667);
#401=LINE('',#3969,#668);
#402=LINE('',#3971,#669);
#403=LINE('',#3972,#670);
#404=LINE('',#3975,#671);
#405=LINE('',#3977,#672);
#406=LINE('',#3979,#673);
#407=LINE('',#3980,#674);
#408=LINE('',#3983,#675);
#409=LINE('',#3985,#676);
#410=LINE('',#3987,#677);
#411=LINE('',#3988,#678);
#412=LINE('',#3991,#679);
#413=LINE('',#3993,#680);
#414=LINE('',#3995,#681);
#415=LINE('',#3997,#682);
#416=LINE('',#4005,#683);
#417=LINE('',#4012,#684);
#418=LINE('',#4020,#685);
#419=LINE('',#4027,#686);
#420=LINE('',#4030,#687);
#421=LINE('',#4032,#688);
#422=LINE('',#4034,#689);
#423=LINE('',#4035,#690);
#424=LINE('',#4038,#691);
#425=LINE('',#4040,#692);
#426=LINE('',#4042,#693);
#427=LINE('',#4043,#694);
#428=LINE('',#4046,#695);
#429=LINE('',#4048,#696);
#430=LINE('',#4050,#697);
#431=LINE('',#4051,#698);
#432=LINE('',#4054,#699);
#433=LINE('',#4056,#700);
#434=LINE('',#4058,#701);
#435=LINE('',#4059,#702);
#436=LINE('',#4062,#703);
#437=LINE('',#4066,#704);
#438=LINE('',#4068,#705);
#439=LINE('',#4074,#706);
#440=LINE('',#4078,#707);
#441=LINE('',#4082,#708);
#442=LINE('',#4086,#709);
#443=LINE('',#4094,#710);
#444=LINE('',#4098,#711);
#445=LINE('',#4102,#712);
#446=LINE('',#4106,#713);
#447=LINE('',#4108,#714);
#448=LINE('',#4109,#715);
#449=LINE('',#4111,#716);
#450=LINE('',#4113,#717);
#451=LINE('',#4115,#718);
#452=LINE('',#4117,#719);
#453=LINE('',#4119,#720);
#454=LINE('',#4121,#721);
#455=LINE('',#4126,#722);
#456=LINE('',#4130,#723);
#457=LINE('',#4133,#724);
#458=LINE('',#4135,#725);
#459=LINE('',#4137,#726);
#460=LINE('',#4148,#727);
#461=LINE('',#4159,#728);
#462=LINE('',#4160,#729);
#463=LINE('',#4166,#730);
#464=LINE('',#4168,#731);
#465=LINE('',#4170,#732);
#466=LINE('',#4172,#733);
#467=LINE('',#4174,#734);
#468=LINE('',#4176,#735);
#469=LINE('',#4178,#736);
#470=LINE('',#4180,#737);
#471=LINE('',#4183,#738);
#472=LINE('',#4185,#739);
#473=LINE('',#4187,#740);
#474=LINE('',#4189,#741);
#475=LINE('',#4191,#742);
#476=LINE('',#4193,#743);
#477=LINE('',#4195,#744);
#478=LINE('',#4197,#745);
#479=LINE('',#4200,#746);
#480=LINE('',#4202,#747);
#481=LINE('',#4204,#748);
#482=LINE('',#4206,#749);
#483=LINE('',#4208,#750);
#484=LINE('',#4210,#751);
#485=LINE('',#4212,#752);
#486=LINE('',#4214,#753);
#487=LINE('',#4217,#754);
#488=LINE('',#4219,#755);
#489=LINE('',#4221,#756);
#490=LINE('',#4223,#757);
#491=LINE('',#4225,#758);
#492=LINE('',#4227,#759);
#493=LINE('',#4229,#760);
#494=LINE('',#4231,#761);
#495=LINE('',#4234,#762);
#496=LINE('',#4236,#763);
#497=LINE('',#4238,#764);
#498=LINE('',#4240,#765);
#499=LINE('',#4242,#766);
#500=LINE('',#4244,#767);
#501=LINE('',#4246,#768);
#502=LINE('',#4248,#769);
#503=LINE('',#4251,#770);
#504=LINE('',#4253,#771);
#505=LINE('',#4255,#772);
#506=LINE('',#4257,#773);
#507=LINE('',#4259,#774);
#508=LINE('',#4261,#775);
#509=LINE('',#4263,#776);
#510=LINE('',#4265,#777);
#511=LINE('',#4268,#778);
#512=LINE('',#4270,#779);
#513=LINE('',#4272,#780);
#514=LINE('',#4274,#781);
#515=LINE('',#4276,#782);
#516=LINE('',#4278,#783);
#517=LINE('',#4280,#784);
#518=LINE('',#4282,#785);
#519=LINE('',#4285,#786);
#520=LINE('',#4287,#787);
#521=LINE('',#4289,#788);
#522=LINE('',#4291,#789);
#523=LINE('',#4293,#790);
#524=LINE('',#4295,#791);
#525=LINE('',#4297,#792);
#526=LINE('',#4299,#793);
#527=VECTOR('',#2876,1.);
#528=VECTOR('',#2877,1.);
#529=VECTOR('',#2878,1.);
#530=VECTOR('',#2883,1.);
#531=VECTOR('',#2884,1.);
#532=VECTOR('',#2887,1.);
#533=VECTOR('',#2888,1.);
#534=VECTOR('',#2889,1.);
#535=VECTOR('',#2890,1.);
#536=VECTOR('',#2893,1.);
#537=VECTOR('',#2894,1.);
#538=VECTOR('',#2895,1.);
#539=VECTOR('',#2898,1.);
#540=VECTOR('',#2899,1.);
#541=VECTOR('',#2900,1.);
#542=VECTOR('',#2901,1.);
#543=VECTOR('',#2904,1.);
#544=VECTOR('',#2905,1.);
#545=VECTOR('',#2906,1.);
#546=VECTOR('',#2907,1.);
#547=VECTOR('',#2908,1.);
#548=VECTOR('',#2909,1.);
#549=VECTOR('',#2910,1.);
#550=VECTOR('',#2911,1.);
#551=VECTOR('',#2912,1.);
#552=VECTOR('',#2915,1.);
#553=VECTOR('',#2916,1.);
#554=VECTOR('',#2917,1.);
#555=VECTOR('',#2920,1.);
#556=VECTOR('',#2921,1.);
#557=VECTOR('',#2922,1.);
#558=VECTOR('',#2923,1.);
#559=VECTOR('',#2924,1.);
#560=VECTOR('',#2925,1.);
#561=VECTOR('',#2926,1.);
#562=VECTOR('',#2935,1.);
#563=VECTOR('',#2936,1.);
#564=VECTOR('',#2937,1.);
#565=VECTOR('',#2940,1.);
#566=VECTOR('',#2941,1.);
#567=VECTOR('',#2942,1.);
#568=VECTOR('',#2949,1.);
#569=VECTOR('',#2952,1.);
#570=VECTOR('',#2953,1.);
#571=VECTOR('',#2954,1.);
#572=VECTOR('',#2957,1.);
#573=VECTOR('',#2958,1.);
#574=VECTOR('',#2965,1.);
#575=VECTOR('',#2966,1.);
#576=VECTOR('',#2967,1.);
#577=VECTOR('',#2970,1.);
#578=VECTOR('',#2971,1.);
#579=VECTOR('',#2972,1.);
#580=VECTOR('',#2977,1.);
#581=VECTOR('',#2982,1.);
#582=VECTOR('',#2983,1.);
#583=VECTOR('',#2984,1.);
#584=VECTOR('',#2987,1.);
#585=VECTOR('',#2988,1.);
#586=VECTOR('',#2995,1.);
#587=VECTOR('',#2998,1.);
#588=VECTOR('',#3013,1.);
#589=VECTOR('',#3014,1.);
#590=VECTOR('',#3015,1.);
#591=VECTOR('',#3016,1.);
#592=VECTOR('',#3021,1.);
#593=VECTOR('',#3026,1.);
#594=VECTOR('',#3027,1.);
#595=VECTOR('',#3028,1.);
#596=VECTOR('',#3037,1.);
#597=VECTOR('',#3040,1.);
#598=VECTOR('',#3049,1.);
#599=VECTOR('',#3052,1.);
#600=VECTOR('',#3055,1.);
#601=VECTOR('',#3056,1.);
#602=VECTOR('',#3061,1.);
#603=VECTOR('',#3064,1.);
#604=VECTOR('',#3091,1.);
#605=VECTOR('',#3094,1.);
#606=VECTOR('',#3095,1.);
#607=VECTOR('',#3096,1.);
#608=VECTOR('',#3097,1.);
#609=VECTOR('',#3098,1.);
#610=VECTOR('',#3099,1.);
#611=VECTOR('',#3100,1.);
#612=VECTOR('',#3101,1.);
#613=VECTOR('',#3106,1.);
#614=VECTOR('',#3107,1.);
#615=VECTOR('',#3108,1.);
#616=VECTOR('',#3109,1.);
#617=VECTOR('',#3110,1.);
#618=VECTOR('',#3115,1.);
#619=VECTOR('',#3116,1.);
#620=VECTOR('',#3119,1.);
#621=VECTOR('',#3120,1.);
#622=VECTOR('',#3121,1.);
#623=VECTOR('',#3124,1.);
#624=VECTOR('',#3125,1.);
#625=VECTOR('',#3126,1.);
#626=VECTOR('',#3127,1.);
#627=VECTOR('',#3128,1.);
#628=VECTOR('',#3129,1.);
#629=VECTOR('',#3130,1.);
#630=VECTOR('',#3131,1.);
#631=VECTOR('',#3134,1.);
#632=VECTOR('',#3135,1.);
#633=VECTOR('',#3136,1.);
#634=VECTOR('',#3137,1.);
#635=VECTOR('',#3138,1.);
#636=VECTOR('',#3139,1.);
#637=VECTOR('',#3140,1.);
#638=VECTOR('',#3145,1.);
#639=VECTOR('',#3146,1.);
#640=VECTOR('',#3149,1.);
#641=VECTOR('',#3152,1.);
#642=VECTOR('',#3155,1.);
#643=VECTOR('',#3156,1.);
#644=VECTOR('',#3159,1.);
#645=VECTOR('',#3162,1.);
#646=VECTOR('',#3165,1.);
#647=VECTOR('',#3168,1.);
#648=VECTOR('',#3169,1.);
#649=VECTOR('',#3172,1.);
#650=VECTOR('',#3175,1.);
#651=VECTOR('',#3176,1.);
#652=VECTOR('',#3179,1.);
#653=VECTOR('',#3182,1.);
#654=VECTOR('',#3185,1.);
#655=VECTOR('',#3186,1.);
#656=VECTOR('',#3217,1.);
#657=VECTOR('',#3224,1.);
#658=VECTOR('',#3225,1.);
#659=VECTOR('',#3232,1.);
#660=VECTOR('',#3233,1.);
#661=VECTOR('',#3236,1.);
#662=VECTOR('',#3257,1.);
#663=VECTOR('',#3258,1.);
#664=VECTOR('',#3261,1.);
#665=VECTOR('',#3262,1.);
#666=VECTOR('',#3265,1.);
#667=VECTOR('',#3266,1.);
#668=VECTOR('',#3267,1.);
#669=VECTOR('',#3268,1.);
#670=VECTOR('',#3269,1.);
#671=VECTOR('',#3270,1.);
#672=VECTOR('',#3271,1.);
#673=VECTOR('',#3272,1.);
#674=VECTOR('',#3273,1.);
#675=VECTOR('',#3274,1.);
#676=VECTOR('',#3275,1.);
#677=VECTOR('',#3276,1.);
#678=VECTOR('',#3277,1.);
#679=VECTOR('',#3278,1.);
#680=VECTOR('',#3279,1.);
#681=VECTOR('',#3280,1.);
#682=VECTOR('',#3283,1.);
#683=VECTOR('',#3284,1.);
#684=VECTOR('',#3287,1.);
#685=VECTOR('',#3288,1.);
#686=VECTOR('',#3291,1.);
#687=VECTOR('',#3292,1.);
#688=VECTOR('',#3293,1.);
#689=VECTOR('',#3294,1.);
#690=VECTOR('',#3295,1.);
#691=VECTOR('',#3296,1.);
#692=VECTOR('',#3297,1.);
#693=VECTOR('',#3298,1.);
#694=VECTOR('',#3299,1.);
#695=VECTOR('',#3300,1.);
#696=VECTOR('',#3301,1.);
#697=VECTOR('',#3302,1.);
#698=VECTOR('',#3303,1.);
#699=VECTOR('',#3304,1.);
#700=VECTOR('',#3305,1.);
#701=VECTOR('',#3306,1.);
#702=VECTOR('',#3307,1.);
#703=VECTOR('',#3308,1.);
#704=VECTOR('',#3311,1.);
#705=VECTOR('',#3312,1.);
#706=VECTOR('',#3317,1.);
#707=VECTOR('',#3320,1.);
#708=VECTOR('',#3323,1.);
#709=VECTOR('',#3326,1.);
#710=VECTOR('',#3335,1.);
#711=VECTOR('',#3338,1.);
#712=VECTOR('',#3341,1.);
#713=VECTOR('',#3344,1.);
#714=VECTOR('',#3347,1.);
#715=VECTOR('',#3348,1.);
#716=VECTOR('',#3351,1.);
#717=VECTOR('',#3354,1.);
#718=VECTOR('',#3357,1.);
#719=VECTOR('',#3360,1.);
#720=VECTOR('',#3363,1.);
#721=VECTOR('',#3366,1.);
#722=VECTOR('',#3375,1.);
#723=VECTOR('',#3382,1.);
#724=VECTOR('',#3387,1.);
#725=VECTOR('',#3388,1.);
#726=VECTOR('',#3389,1.);
#727=VECTOR('',#3392,1.);
#728=VECTOR('',#3395,1.);
#729=VECTOR('',#3396,1.);
#730=VECTOR('',#3407,1.);
#731=VECTOR('',#3408,1.);
#732=VECTOR('',#3409,1.);
#733=VECTOR('',#3412,1.);
#734=VECTOR('',#3413,1.);
#735=VECTOR('',#3416,1.);
#736=VECTOR('',#3417,1.);
#737=VECTOR('',#3420,1.);
#738=VECTOR('',#3425,1.);
#739=VECTOR('',#3426,1.);
#740=VECTOR('',#3427,1.);
#741=VECTOR('',#3430,1.);
#742=VECTOR('',#3431,1.);
#743=VECTOR('',#3434,1.);
#744=VECTOR('',#3435,1.);
#745=VECTOR('',#3438,1.);
#746=VECTOR('',#3443,1.);
#747=VECTOR('',#3444,1.);
#748=VECTOR('',#3445,1.);
#749=VECTOR('',#3448,1.);
#750=VECTOR('',#3449,1.);
#751=VECTOR('',#3452,1.);
#752=VECTOR('',#3453,1.);
#753=VECTOR('',#3456,1.);
#754=VECTOR('',#3461,1.);
#755=VECTOR('',#3462,1.);
#756=VECTOR('',#3463,1.);
#757=VECTOR('',#3466,1.);
#758=VECTOR('',#3467,1.);
#759=VECTOR('',#3470,1.);
#760=VECTOR('',#3471,1.);
#761=VECTOR('',#3474,1.);
#762=VECTOR('',#3479,1.);
#763=VECTOR('',#3480,1.);
#764=VECTOR('',#3481,1.);
#765=VECTOR('',#3484,1.);
#766=VECTOR('',#3485,1.);
#767=VECTOR('',#3488,1.);
#768=VECTOR('',#3489,1.);
#769=VECTOR('',#3492,1.);
#770=VECTOR('',#3497,1.);
#771=VECTOR('',#3498,1.);
#772=VECTOR('',#3499,1.);
#773=VECTOR('',#3502,1.);
#774=VECTOR('',#3503,1.);
#775=VECTOR('',#3506,1.);
#776=VECTOR('',#3507,1.);
#777=VECTOR('',#3510,1.);
#778=VECTOR('',#3515,1.);
#779=VECTOR('',#3516,1.);
#780=VECTOR('',#3517,1.);
#781=VECTOR('',#3520,1.);
#782=VECTOR('',#3521,1.);
#783=VECTOR('',#3524,1.);
#784=VECTOR('',#3525,1.);
#785=VECTOR('',#3528,1.);
#786=VECTOR('',#3533,1.);
#787=VECTOR('',#3534,1.);
#788=VECTOR('',#3535,1.);
#789=VECTOR('',#3538,1.);
#790=VECTOR('',#3539,1.);
#791=VECTOR('',#3542,1.);
#792=VECTOR('',#3543,1.);
#793=VECTOR('',#3546,1.);
#794=PLANE('',#2646);
#795=PLANE('',#2650);
#796=PLANE('',#2652);
#797=PLANE('',#2653);
#798=PLANE('',#2654);
#799=PLANE('',#2655);
#800=PLANE('',#2656);
#801=PLANE('',#2657);
#802=PLANE('',#2658);
#803=PLANE('',#2660);
#804=PLANE('',#2661);
#805=PLANE('',#2662);
#806=PLANE('',#2663);
#807=PLANE('',#2667);
#808=PLANE('',#2668);
#809=PLANE('',#2669);
#810=PLANE('',#2670);
#811=PLANE('',#2671);
#812=PLANE('',#2672);
#813=PLANE('',#2676);
#814=PLANE('',#2677);
#815=PLANE('',#2678);
#816=PLANE('',#2679);
#817=PLANE('',#2684);
#818=PLANE('',#2687);
#819=PLANE('',#2688);
#820=PLANE('',#2692);
#821=PLANE('',#2694);
#822=PLANE('',#2699);
#823=PLANE('',#2703);
#824=PLANE('',#2706);
#825=PLANE('',#2707);
#826=PLANE('',#2712);
#827=PLANE('',#2715);
#828=PLANE('',#2718);
#829=PLANE('',#2721);
#830=PLANE('',#2722);
#831=PLANE('',#2726);
#832=PLANE('',#2728);
#833=PLANE('',#2729);
#834=PLANE('',#2732);
#835=PLANE('',#2733);
#836=PLANE('',#2736);
#837=PLANE('',#2737);
#838=PLANE('',#2738);
#839=PLANE('',#2739);
#840=PLANE('',#2740);
#841=PLANE('',#2741);
#842=PLANE('',#2754);
#843=PLANE('',#2755);
#844=PLANE('',#2756);
#845=PLANE('',#2759);
#846=PLANE('',#2762);
#847=PLANE('',#2763);
#848=PLANE('',#2764);
#849=PLANE('',#2775);
#850=PLANE('',#2784);
#851=PLANE('',#2791);
#852=PLANE('',#2793);
#853=PLANE('',#2795);
#854=PLANE('',#2797);
#855=PLANE('',#2799);
#856=PLANE('',#2802);
#857=PLANE('',#2805);
#858=PLANE('',#2807);
#859=PLANE('',#2809);
#860=PLANE('',#2814);
#861=PLANE('',#2815);
#862=PLANE('',#2816);
#863=PLANE('',#2817);
#864=PLANE('',#2818);
#865=PLANE('',#2819);
#866=PLANE('',#2820);
#867=PLANE('',#2821);
#868=PLANE('',#2822);
#869=PLANE('',#2823);
#870=PLANE('',#2824);
#871=PLANE('',#2825);
#872=PLANE('',#2826);
#873=PLANE('',#2827);
#874=PLANE('',#2828);
#875=PLANE('',#2829);
#876=PLANE('',#2830);
#877=PLANE('',#2831);
#878=PLANE('',#2832);
#879=PLANE('',#2833);
#880=PLANE('',#2834);
#881=PLANE('',#2835);
#882=PLANE('',#2836);
#883=PLANE('',#2837);
#884=PLANE('',#2838);
#885=PLANE('',#2839);
#886=PLANE('',#2840);
#887=PLANE('',#2841);
#888=PLANE('',#2842);
#889=PLANE('',#2843);
#890=PLANE('',#2844);
#891=PLANE('',#2845);
#892=PLANE('',#2846);
#893=PLANE('',#2847);
#894=PLANE('',#2848);
#895=PLANE('',#2849);
#896=PLANE('',#2850);
#897=PLANE('',#2851);
#898=PLANE('',#2852);
#899=PLANE('',#2853);
#900=ADVANCED_FACE('',(#1078,#1079),#1044,.T.);
#901=ADVANCED_FACE('',(#1080,#1081),#794,.T.);
#902=ADVANCED_FACE('',(#141),#795,.T.);
#903=ADVANCED_FACE('',(#142),#796,.T.);
#904=ADVANCED_FACE('',(#143),#797,.F.);
#905=ADVANCED_FACE('',(#144),#798,.F.);
#906=ADVANCED_FACE('',(#145),#799,.F.);
#907=ADVANCED_FACE('',(#146),#800,.F.);
#908=ADVANCED_FACE('',(#147),#801,.F.);
#909=ADVANCED_FACE('',(#148),#802,.F.);
#910=ADVANCED_FACE('',(#149),#803,.T.);
#911=ADVANCED_FACE('',(#150),#804,.F.);
#912=ADVANCED_FACE('',(#151),#805,.T.);
#913=ADVANCED_FACE('',(#152),#806,.T.);
#914=ADVANCED_FACE('',(#153),#1045,.F.);
#915=ADVANCED_FACE('',(#154),#807,.T.);
#916=ADVANCED_FACE('',(#155),#808,.T.);
#917=ADVANCED_FACE('',(#156),#809,.T.);
#918=ADVANCED_FACE('',(#157),#810,.F.);
#919=ADVANCED_FACE('',(#158),#811,.F.);
#920=ADVANCED_FACE('',(#159),#812,.F.);
#921=ADVANCED_FACE('',(#160),#1046,.F.);
#922=ADVANCED_FACE('',(#161),#813,.F.);
#923=ADVANCED_FACE('',(#162),#814,.F.);
#924=ADVANCED_FACE('',(#163),#815,.F.);
#925=ADVANCED_FACE('',(#164),#816,.T.);
#926=ADVANCED_FACE('',(#165),#1047,.T.);
#927=ADVANCED_FACE('',(#166),#1048,.T.);
#928=ADVANCED_FACE('',(#1082,#1083),#817,.T.);
#929=ADVANCED_FACE('',(#1084,#1085),#1049,.F.);
#930=ADVANCED_FACE('',(#167),#818,.T.);
#931=ADVANCED_FACE('',(#168),#819,.F.);
#932=ADVANCED_FACE('',(#169),#1050,.T.);
#933=ADVANCED_FACE('',(#170),#820,.F.);
#934=ADVANCED_FACE('',(#171),#821,.F.);
#935=ADVANCED_FACE('',(#1086,#1087),#822,.T.);
#936=ADVANCED_FACE('',(#1088,#1089),#1051,.T.);
#937=ADVANCED_FACE('',(#172),#823,.T.);
#938=ADVANCED_FACE('',(#173),#1052,.T.);
#939=ADVANCED_FACE('',(#174),#824,.T.);
#940=ADVANCED_FACE('',(#175),#825,.T.);
#941=ADVANCED_FACE('',(#1090,#1091),#1053,.F.);
#942=ADVANCED_FACE('',(#1092,#1093),#826,.T.);
#943=ADVANCED_FACE('',(#1094,#1095),#1054,.F.);
#944=ADVANCED_FACE('',(#1096,#1097),#827,.T.);
#945=ADVANCED_FACE('',(#1098,#1099),#1055,.F.);
#946=ADVANCED_FACE('',(#1100,#1101),#828,.T.);
#947=ADVANCED_FACE('',(#1102,#1103),#829,.T.);
#948=ADVANCED_FACE('',(#176),#830,.T.);
#949=ADVANCED_FACE('',(#1104,#1105,#1106),#831,.F.);
#950=ADVANCED_FACE('',(#1107,#1108),#832,.T.);
#951=ADVANCED_FACE('',(#177),#833,.F.);
#952=ADVANCED_FACE('',(#178),#1056,.F.);
#953=ADVANCED_FACE('',(#179),#834,.F.);
#954=ADVANCED_FACE('',(#180),#835,.F.);
#955=ADVANCED_FACE('',(#181),#1057,.F.);
#956=ADVANCED_FACE('',(#182),#836,.F.);
#957=ADVANCED_FACE('',(#183),#837,.F.);
#958=ADVANCED_FACE('',(#184),#838,.F.);
#959=ADVANCED_FACE('',(#185),#839,.F.);
#960=ADVANCED_FACE('',(#186),#840,.F.);
#961=ADVANCED_FACE('',(#187),#841,.F.);
#962=ADVANCED_FACE('',(#188),#1058,.T.);
#963=ADVANCED_FACE('',(#189),#95,.T.);
#964=ADVANCED_FACE('',(#190),#1059,.T.);
#965=ADVANCED_FACE('',(#191),#1060,.T.);
#966=ADVANCED_FACE('',(#192),#96,.T.);
#967=ADVANCED_FACE('',(#193),#1061,.T.);
#968=ADVANCED_FACE('',(#194),#842,.F.);
#969=ADVANCED_FACE('',(#195),#843,.F.);
#970=ADVANCED_FACE('',(#196),#844,.F.);
#971=ADVANCED_FACE('',(#1109,#1110,#1111),#845,.F.);
#972=ADVANCED_FACE('',(#1112,#1113,#1114),#846,.F.);
#973=ADVANCED_FACE('',(#197),#847,.F.);
#974=ADVANCED_FACE('',(#198),#848,.T.);
#975=ADVANCED_FACE('',(#1115,#1116),#1062,.F.);
#976=ADVANCED_FACE('',(#1117,#1118),#1063,.F.);
#977=ADVANCED_FACE('',(#1119,#1120),#93,.F.);
#978=ADVANCED_FACE('',(#1121,#1122),#94,.F.);
#979=ADVANCED_FACE('',(#199),#1064,.T.);
#980=ADVANCED_FACE('',(#1123,#1124,#1125,#1126,#1127,#1128),#849,.T.);
#981=ADVANCED_FACE('',(#200),#1065,.T.);
#982=ADVANCED_FACE('',(#201),#1066,.T.);
#983=ADVANCED_FACE('',(#1129,#1130,#1131,#1132,#1133,#1134),#850,.T.);
#984=ADVANCED_FACE('',(#1135,#1136),#1067,.F.);
#985=ADVANCED_FACE('',(#1137,#1138),#851,.T.);
#986=ADVANCED_FACE('',(#202),#1068,.F.);
#987=ADVANCED_FACE('',(#203),#852,.F.);
#988=ADVANCED_FACE('',(#204),#1069,.F.);
#989=ADVANCED_FACE('',(#205),#853,.F.);
#990=ADVANCED_FACE('',(#206),#1070,.F.);
#991=ADVANCED_FACE('',(#207),#854,.F.);
#992=ADVANCED_FACE('',(#208),#1071,.F.);
#993=ADVANCED_FACE('',(#209),#855,.F.);
#994=ADVANCED_FACE('',(#210),#856,.F.);
#995=ADVANCED_FACE('',(#211),#857,.F.);
#996=ADVANCED_FACE('',(#212),#1072,.T.);
#997=ADVANCED_FACE('',(#213),#858,.F.);
#998=ADVANCED_FACE('',(#214),#1073,.T.);
#999=ADVANCED_FACE('',(#215),#859,.F.);
#1000=ADVANCED_FACE('',(#216),#1074,.T.);
#1001=ADVANCED_FACE('',(#217),#1075,.T.);
#1002=ADVANCED_FACE('',(#218),#1076,.T.);
#1003=ADVANCED_FACE('',(#219),#1077,.T.);
#1004=ADVANCED_FACE('',(#220),#860,.F.);
#1005=ADVANCED_FACE('',(#221),#861,.F.);
#1006=ADVANCED_FACE('',(#222),#862,.F.);
#1007=ADVANCED_FACE('',(#223),#863,.F.);
#1008=ADVANCED_FACE('',(#224),#864,.T.);
#1009=ADVANCED_FACE('',(#225),#865,.F.);
#1010=ADVANCED_FACE('',(#226),#866,.F.);
#1011=ADVANCED_FACE('',(#227),#867,.F.);
#1012=ADVANCED_FACE('',(#228),#868,.F.);
#1013=ADVANCED_FACE('',(#229),#869,.T.);
#1014=ADVANCED_FACE('',(#230),#870,.F.);
#1015=ADVANCED_FACE('',(#231),#871,.F.);
#1016=ADVANCED_FACE('',(#232),#872,.F.);
#1017=ADVANCED_FACE('',(#233),#873,.F.);
#1018=ADVANCED_FACE('',(#234),#874,.T.);
#1019=ADVANCED_FACE('',(#235),#875,.F.);
#1020=ADVANCED_FACE('',(#236),#876,.F.);
#1021=ADVANCED_FACE('',(#237),#877,.F.);
#1022=ADVANCED_FACE('',(#238),#878,.F.);
#1023=ADVANCED_FACE('',(#239),#879,.T.);
#1024=ADVANCED_FACE('',(#240),#880,.T.);
#1025=ADVANCED_FACE('',(#241),#881,.T.);
#1026=ADVANCED_FACE('',(#242),#882,.T.);
#1027=ADVANCED_FACE('',(#243),#883,.T.);
#1028=ADVANCED_FACE('',(#244),#884,.F.);
#1029=ADVANCED_FACE('',(#245),#885,.T.);
#1030=ADVANCED_FACE('',(#246),#886,.T.);
#1031=ADVANCED_FACE('',(#247),#887,.T.);
#1032=ADVANCED_FACE('',(#248),#888,.T.);
#1033=ADVANCED_FACE('',(#249),#889,.F.);
#1034=ADVANCED_FACE('',(#250),#890,.T.);
#1035=ADVANCED_FACE('',(#251),#891,.T.);
#1036=ADVANCED_FACE('',(#252),#892,.T.);
#1037=ADVANCED_FACE('',(#253),#893,.T.);
#1038=ADVANCED_FACE('',(#254),#894,.F.);
#1039=ADVANCED_FACE('',(#255),#895,.T.);
#1040=ADVANCED_FACE('',(#256),#896,.T.);
#1041=ADVANCED_FACE('',(#257),#897,.T.);
#1042=ADVANCED_FACE('',(#258),#898,.T.);
#1043=ADVANCED_FACE('',(#259),#899,.F.);
#1044=CYLINDRICAL_SURFACE('',#2644,2.5);
#1045=CYLINDRICAL_SURFACE('',#2666,1.);
#1046=CYLINDRICAL_SURFACE('',#2675,1.);
#1047=CYLINDRICAL_SURFACE('',#2681,6.);
#1048=CYLINDRICAL_SURFACE('',#2683,2.5);
#1049=CYLINDRICAL_SURFACE('',#2686,0.75);
#1050=CYLINDRICAL_SURFACE('',#2691,2.);
#1051=CYLINDRICAL_SURFACE('',#2702,3.5);
#1052=CYLINDRICAL_SURFACE('',#2705,2.);
#1053=CYLINDRICAL_SURFACE('',#2710,1.5);
#1054=CYLINDRICAL_SURFACE('',#2714,2.5);
#1055=CYLINDRICAL_SURFACE('',#2717,2.5);
#1056=CYLINDRICAL_SURFACE('',#2731,0.699999999999999);
#1057=CYLINDRICAL_SURFACE('',#2735,0.699999999999999);
#1058=CYLINDRICAL_SURFACE('',#2744,0.4);
#1059=CYLINDRICAL_SURFACE('',#2747,0.4);
#1060=CYLINDRICAL_SURFACE('',#2750,0.4);
#1061=CYLINDRICAL_SURFACE('',#2753,0.4);
#1062=CYLINDRICAL_SURFACE('',#2766,1.5);
#1063=CYLINDRICAL_SURFACE('',#2768,1.5);
#1064=CYLINDRICAL_SURFACE('',#2771,6.);
#1065=CYLINDRICAL_SURFACE('',#2776,6.);
#1066=CYLINDRICAL_SURFACE('',#2777,6.);
#1067=CYLINDRICAL_SURFACE('',#2786,3.85);
#1068=CYLINDRICAL_SURFACE('',#2792,2.525);
#1069=CYLINDRICAL_SURFACE('',#2794,4.0999999999993);
#1070=CYLINDRICAL_SURFACE('',#2796,2.525);
#1071=CYLINDRICAL_SURFACE('',#2798,4.0999999999993);
#1072=CYLINDRICAL_SURFACE('',#2806,4.1427514580194);
#1073=CYLINDRICAL_SURFACE('',#2808,5.23142101551781);
#1074=CYLINDRICAL_SURFACE('',#2810,1.);
#1075=CYLINDRICAL_SURFACE('',#2811,1.);
#1076=CYLINDRICAL_SURFACE('',#2812,1.);
#1077=CYLINDRICAL_SURFACE('',#2813,1.);
#1078=FACE_BOUND('',#1139,.T.);
#1079=FACE_BOUND('',#1140,.T.);
#1080=FACE_BOUND('',#1141,.T.);
#1081=FACE_BOUND('',#1142,.T.);
#1082=FACE_BOUND('',#1169,.T.);
#1083=FACE_BOUND('',#1170,.T.);
#1084=FACE_BOUND('',#1171,.T.);
#1085=FACE_BOUND('',#1172,.T.);
#1086=FACE_BOUND('',#1178,.T.);
#1087=FACE_BOUND('',#1179,.T.);
#1088=FACE_BOUND('',#1180,.T.);
#1089=FACE_BOUND('',#1181,.T.);
#1090=FACE_BOUND('',#1186,.T.);
#1091=FACE_BOUND('',#1187,.T.);
#1092=FACE_BOUND('',#1188,.T.);
#1093=FACE_BOUND('',#1189,.T.);
#1094=FACE_BOUND('',#1190,.T.);
#1095=FACE_BOUND('',#1191,.T.);
#1096=FACE_BOUND('',#1192,.T.);
#1097=FACE_BOUND('',#1193,.T.);
#1098=FACE_BOUND('',#1194,.T.);
#1099=FACE_BOUND('',#1195,.T.);
#1100=FACE_BOUND('',#1196,.T.);
#1101=FACE_BOUND('',#1197,.T.);
#1102=FACE_BOUND('',#1198,.T.);
#1103=FACE_BOUND('',#1199,.T.);
#1104=FACE_BOUND('',#1201,.T.);
#1105=FACE_BOUND('',#1202,.T.);
#1106=FACE_BOUND('',#1203,.T.);
#1107=FACE_BOUND('',#1204,.T.);
#1108=FACE_BOUND('',#1205,.T.);
#1109=FACE_BOUND('',#1226,.T.);
#1110=FACE_BOUND('',#1227,.T.);
#1111=FACE_BOUND('',#1228,.T.);
#1112=FACE_BOUND('',#1229,.T.);
#1113=FACE_BOUND('',#1230,.T.);
#1114=FACE_BOUND('',#1231,.T.);
#1115=FACE_BOUND('',#1234,.T.);
#1116=FACE_BOUND('',#1235,.T.);
#1117=FACE_BOUND('',#1236,.T.);
#1118=FACE_BOUND('',#1237,.T.);
#1119=FACE_BOUND('',#1238,.T.);
#1120=FACE_BOUND('',#1239,.T.);
#1121=FACE_BOUND('',#1240,.T.);
#1122=FACE_BOUND('',#1241,.T.);
#1123=FACE_BOUND('',#1243,.T.);
#1124=FACE_BOUND('',#1244,.T.);
#1125=FACE_BOUND('',#1245,.T.);
#1126=FACE_BOUND('',#1246,.T.);
#1127=FACE_BOUND('',#1247,.T.);
#1128=FACE_BOUND('',#1248,.T.);
#1129=FACE_BOUND('',#1251,.T.);
#1130=FACE_BOUND('',#1252,.T.);
#1131=FACE_BOUND('',#1253,.T.);
#1132=FACE_BOUND('',#1254,.T.);
#1133=FACE_BOUND('',#1255,.T.);
#1134=FACE_BOUND('',#1256,.T.);
#1135=FACE_BOUND('',#1257,.T.);
#1136=FACE_BOUND('',#1258,.T.);
#1137=FACE_BOUND('',#1259,.T.);
#1138=FACE_BOUND('',#1260,.T.);
#1139=EDGE_LOOP('',(#1319));
#1140=EDGE_LOOP('',(#1320));
#1141=EDGE_LOOP('',(#1321));
#1142=EDGE_LOOP('',(#1322));
#1143=EDGE_LOOP('',(#1323,#1324,#1325,#1326,#1327,#1328));
#1144=EDGE_LOOP('',(#1329,#1330,#1331));
#1145=EDGE_LOOP('',(#1332,#1333,#1334,#1335));
#1146=EDGE_LOOP('',(#1336,#1337,#1338,#1339));
#1147=EDGE_LOOP('',(#1340,#1341,#1342,#1343,#1344));
#1148=EDGE_LOOP('',(#1345,#1346,#1347,#1348,#1349,#1350,#1351,#1352,#1353,
#1354,#1355,#1356,#1357));
#1149=EDGE_LOOP('',(#1358,#1359,#1360,#1361));
#1150=EDGE_LOOP('',(#1362,#1363,#1364,#1365,#1366,#1367,#1368,#1369,#1370,
#1371,#1372,#1373,#1374));
#1151=EDGE_LOOP('',(#1375,#1376,#1377));
#1152=EDGE_LOOP('',(#1378,#1379,#1380,#1381));
#1153=EDGE_LOOP('',(#1382,#1383,#1384,#1385));
#1154=EDGE_LOOP('',(#1386,#1387,#1388,#1389));
#1155=EDGE_LOOP('',(#1390,#1391,#1392,#1393));
#1156=EDGE_LOOP('',(#1394,#1395,#1396,#1397));
#1157=EDGE_LOOP('',(#1398,#1399,#1400,#1401));
#1158=EDGE_LOOP('',(#1402,#1403,#1404,#1405,#1406,#1407,#1408,#1409));
#1159=EDGE_LOOP('',(#1410,#1411,#1412,#1413,#1414,#1415,#1416,#1417));
#1160=EDGE_LOOP('',(#1418,#1419,#1420,#1421));
#1161=EDGE_LOOP('',(#1422,#1423,#1424,#1425));
#1162=EDGE_LOOP('',(#1426,#1427,#1428,#1429));
#1163=EDGE_LOOP('',(#1430,#1431,#1432,#1433));
#1164=EDGE_LOOP('',(#1434,#1435,#1436,#1437));
#1165=EDGE_LOOP('',(#1438,#1439,#1440,#1441,#1442,#1443,#1444,#1445));
#1166=EDGE_LOOP('',(#1446,#1447,#1448,#1449,#1450,#1451,#1452,#1453));
#1167=EDGE_LOOP('',(#1454,#1455,#1456,#1457,#1458,#1459,#1460));
#1168=EDGE_LOOP('',(#1461,#1462,#1463,#1464));
#1169=EDGE_LOOP('',(#1465));
#1170=EDGE_LOOP('',(#1466,#1467));
#1171=EDGE_LOOP('',(#1468));
#1172=EDGE_LOOP('',(#1469));
#1173=EDGE_LOOP('',(#1470));
#1174=EDGE_LOOP('',(#1471,#1472,#1473,#1474));
#1175=EDGE_LOOP('',(#1475,#1476,#1477,#1478));
#1176=EDGE_LOOP('',(#1479,#1480,#1481,#1482));
#1177=EDGE_LOOP('',(#1483,#1484,#1485,#1486));
#1178=EDGE_LOOP('',(#1487,#1488,#1489,#1490,#1491,#1492,#1493,#1494));
#1179=EDGE_LOOP('',(#1495));
#1180=EDGE_LOOP('',(#1496));
#1181=EDGE_LOOP('',(#1497,#1498,#1499,#1500,#1501,#1502,#1503,#1504));
#1182=EDGE_LOOP('',(#1505,#1506,#1507,#1508));
#1183=EDGE_LOOP('',(#1509,#1510,#1511,#1512));
#1184=EDGE_LOOP('',(#1513,#1514,#1515,#1516));
#1185=EDGE_LOOP('',(#1517,#1518,#1519,#1520));
#1186=EDGE_LOOP('',(#1521));
#1187=EDGE_LOOP('',(#1522));
#1188=EDGE_LOOP('',(#1523));
#1189=EDGE_LOOP('',(#1524));
#1190=EDGE_LOOP('',(#1525));
#1191=EDGE_LOOP('',(#1526));
#1192=EDGE_LOOP('',(#1527));
#1193=EDGE_LOOP('',(#1528));
#1194=EDGE_LOOP('',(#1529));
#1195=EDGE_LOOP('',(#1530));
#1196=EDGE_LOOP('',(#1531));
#1197=EDGE_LOOP('',(#1532));
#1198=EDGE_LOOP('',(#1533,#1534,#1535,#1536,#1537,#1538,#1539,#1540));
#1199=EDGE_LOOP('',(#1541,#1542,#1543));
#1200=EDGE_LOOP('',(#1544,#1545,#1546,#1547,#1548,#1549));
#1201=EDGE_LOOP('',(#1550,#1551,#1552));
#1202=EDGE_LOOP('',(#1553,#1554,#1555));
#1203=EDGE_LOOP('',(#1556,#1557,#1558,#1559,#1560,#1561,#1562,#1563,#1564,
#1565,#1566));
#1204=EDGE_LOOP('',(#1567,#1568,#1569,#1570,#1571));
#1205=EDGE_LOOP('',(#1572,#1573,#1574));
#1206=EDGE_LOOP('',(#1575,#1576,#1577,#1578));
#1207=EDGE_LOOP('',(#1579,#1580,#1581,#1582));
#1208=EDGE_LOOP('',(#1583,#1584,#1585,#1586));
#1209=EDGE_LOOP('',(#1587,#1588,#1589,#1590));
#1210=EDGE_LOOP('',(#1591,#1592,#1593,#1594));
#1211=EDGE_LOOP('',(#1595,#1596,#1597,#1598));
#1212=EDGE_LOOP('',(#1599,#1600,#1601,#1602));
#1213=EDGE_LOOP('',(#1603,#1604,#1605,#1606));
#1214=EDGE_LOOP('',(#1607,#1608,#1609,#1610));
#1215=EDGE_LOOP('',(#1611,#1612,#1613,#1614));
#1216=EDGE_LOOP('',(#1615,#1616,#1617,#1618));
#1217=EDGE_LOOP('',(#1619,#1620,#1621,#1622));
#1218=EDGE_LOOP('',(#1623,#1624,#1625,#1626));
#1219=EDGE_LOOP('',(#1627,#1628,#1629,#1630));
#1220=EDGE_LOOP('',(#1631,#1632,#1633,#1634));
#1221=EDGE_LOOP('',(#1635,#1636,#1637,#1638));
#1222=EDGE_LOOP('',(#1639,#1640,#1641,#1642));
#1223=EDGE_LOOP('',(#1643,#1644,#1645,#1646));
#1224=EDGE_LOOP('',(#1647,#1648,#1649,#1650));
#1225=EDGE_LOOP('',(#1651,#1652,#1653,#1654));
#1226=EDGE_LOOP('',(#1655));
#1227=EDGE_LOOP('',(#1656));
#1228=EDGE_LOOP('',(#1657,#1658,#1659,#1660,#1661,#1662));
#1229=EDGE_LOOP('',(#1663));
#1230=EDGE_LOOP('',(#1664));
#1231=EDGE_LOOP('',(#1665,#1666,#1667,#1668));
#1232=EDGE_LOOP('',(#1669,#1670,#1671,#1672));
#1233=EDGE_LOOP('',(#1673,#1674,#1675,#1676));
#1234=EDGE_LOOP('',(#1677));
#1235=EDGE_LOOP('',(#1678));
#1236=EDGE_LOOP('',(#1679));
#1237=EDGE_LOOP('',(#1680));
#1238=EDGE_LOOP('',(#1681));
#1239=EDGE_LOOP('',(#1682));
#1240=EDGE_LOOP('',(#1683));
#1241=EDGE_LOOP('',(#1684));
#1242=EDGE_LOOP('',(#1685,#1686,#1687,#1688));
#1243=EDGE_LOOP('',(#1689,#1690,#1691,#1692,#1693,#1694));
#1244=EDGE_LOOP('',(#1695));
#1245=EDGE_LOOP('',(#1696,#1697,#1698,#1699));
#1246=EDGE_LOOP('',(#1700,#1701,#1702,#1703));
#1247=EDGE_LOOP('',(#1704,#1705,#1706,#1707));
#1248=EDGE_LOOP('',(#1708,#1709,#1710,#1711));
#1249=EDGE_LOOP('',(#1712,#1713,#1714,#1715));
#1250=EDGE_LOOP('',(#1716,#1717,#1718,#1719));
#1251=EDGE_LOOP('',(#1720,#1721,#1722,#1723));
#1252=EDGE_LOOP('',(#1724,#1725,#1726,#1727));
#1253=EDGE_LOOP('',(#1728,#1729,#1730,#1731));
#1254=EDGE_LOOP('',(#1732,#1733,#1734,#1735));
#1255=EDGE_LOOP('',(#1736,#1737,#1738,#1739,#1740,#1741));
#1256=EDGE_LOOP('',(#1742,#1743,#1744,#1745,#1746,#1747,#1748,#1749));
#1257=EDGE_LOOP('',(#1750));
#1258=EDGE_LOOP('',(#1751));
#1259=EDGE_LOOP('',(#1752,#1753,#1754,#1755,#1756,#1757,#1758,#1759));
#1260=EDGE_LOOP('',(#1760));
#1261=EDGE_LOOP('',(#1761,#1762,#1763,#1764));
#1262=EDGE_LOOP('',(#1765,#1766,#1767,#1768));
#1263=EDGE_LOOP('',(#1769,#1770,#1771,#1772));
#1264=EDGE_LOOP('',(#1773,#1774,#1775,#1776));
#1265=EDGE_LOOP('',(#1777,#1778,#1779,#1780));
#1266=EDGE_LOOP('',(#1781,#1782,#1783,#1784));
#1267=EDGE_LOOP('',(#1785,#1786,#1787,#1788));
#1268=EDGE_LOOP('',(#1789,#1790,#1791,#1792));
#1269=EDGE_LOOP('',(#1793,#1794,#1795,#1796,#1797,#1798));
#1270=EDGE_LOOP('',(#1799,#1800,#1801,#1802,#1803,#1804));
#1271=EDGE_LOOP('',(#1805,#1806,#1807,#1808));
#1272=EDGE_LOOP('',(#1809,#1810,#1811,#1812));
#1273=EDGE_LOOP('',(#1813,#1814,#1815,#1816,#1817,#1818,#1819,#1820));
#1274=EDGE_LOOP('',(#1821,#1822,#1823,#1824));
#1275=EDGE_LOOP('',(#1825,#1826,#1827,#1828,#1829));
#1276=EDGE_LOOP('',(#1830,#1831,#1832,#1833,#1834));
#1277=EDGE_LOOP('',(#1835,#1836,#1837,#1838,#1839));
#1278=EDGE_LOOP('',(#1840,#1841,#1842,#1843,#1844));
#1279=EDGE_LOOP('',(#1845,#1846,#1847,#1848));
#1280=EDGE_LOOP('',(#1849,#1850,#1851,#1852));
#1281=EDGE_LOOP('',(#1853,#1854,#1855,#1856));
#1282=EDGE_LOOP('',(#1857,#1858,#1859,#1860));
#1283=EDGE_LOOP('',(#1861,#1862,#1863,#1864));
#1284=EDGE_LOOP('',(#1865,#1866,#1867,#1868));
#1285=EDGE_LOOP('',(#1869,#1870,#1871,#1872));
#1286=EDGE_LOOP('',(#1873,#1874,#1875,#1876));
#1287=EDGE_LOOP('',(#1877,#1878,#1879,#1880));
#1288=EDGE_LOOP('',(#1881,#1882,#1883,#1884));
#1289=EDGE_LOOP('',(#1885,#1886,#1887,#1888));
#1290=EDGE_LOOP('',(#1889,#1890,#1891,#1892));
#1291=EDGE_LOOP('',(#1893,#1894,#1895,#1896));
#1292=EDGE_LOOP('',(#1897,#1898,#1899,#1900));
#1293=EDGE_LOOP('',(#1901,#1902,#1903,#1904));
#1294=EDGE_LOOP('',(#1905,#1906,#1907,#1908));
#1295=EDGE_LOOP('',(#1909,#1910,#1911,#1912));
#1296=EDGE_LOOP('',(#1913,#1914,#1915,#1916));
#1297=EDGE_LOOP('',(#1917,#1918,#1919,#1920));
#1298=EDGE_LOOP('',(#1921,#1922,#1923,#1924));
#1299=EDGE_LOOP('',(#1925,#1926,#1927,#1928));
#1300=EDGE_LOOP('',(#1929,#1930,#1931,#1932));
#1301=EDGE_LOOP('',(#1933,#1934,#1935,#1936));
#1302=EDGE_LOOP('',(#1937,#1938,#1939,#1940));
#1303=EDGE_LOOP('',(#1941,#1942,#1943,#1944));
#1304=EDGE_LOOP('',(#1945,#1946,#1947,#1948));
#1305=EDGE_LOOP('',(#1949,#1950,#1951,#1952));
#1306=EDGE_LOOP('',(#1953,#1954,#1955,#1956));
#1307=EDGE_LOOP('',(#1957,#1958,#1959,#1960));
#1308=EDGE_LOOP('',(#1961,#1962,#1963,#1964));
#1309=EDGE_LOOP('',(#1965,#1966,#1967,#1968));
#1310=EDGE_LOOP('',(#1969,#1970,#1971,#1972));
#1311=EDGE_LOOP('',(#1973,#1974,#1975,#1976));
#1312=EDGE_LOOP('',(#1977,#1978,#1979,#1980));
#1313=EDGE_LOOP('',(#1981,#1982,#1983,#1984));
#1314=EDGE_LOOP('',(#1985,#1986,#1987,#1988));
#1315=EDGE_LOOP('',(#1989,#1990,#1991,#1992));
#1316=EDGE_LOOP('',(#1993,#1994,#1995,#1996));
#1317=EDGE_LOOP('',(#1997,#1998,#1999,#2000));
#1318=EDGE_LOOP('',(#2001,#2002,#2003,#2004));
#1319=ORIENTED_EDGE('',*,*,#2236,.F.);
#1320=ORIENTED_EDGE('',*,*,#2237,.T.);
#1321=ORIENTED_EDGE('',*,*,#2238,.F.);
#1322=ORIENTED_EDGE('',*,*,#2236,.T.);
#1323=ORIENTED_EDGE('',*,*,#2239,.F.);
#1324=ORIENTED_EDGE('',*,*,#2240,.F.);
#1325=ORIENTED_EDGE('',*,*,#2241,.F.);
#1326=ORIENTED_EDGE('',*,*,#2242,.T.);
#1327=ORIENTED_EDGE('',*,*,#2243,.T.);
#1328=ORIENTED_EDGE('',*,*,#2244,.T.);
#1329=ORIENTED_EDGE('',*,*,#2245,.F.);
#1330=ORIENTED_EDGE('',*,*,#2246,.T.);
#1331=ORIENTED_EDGE('',*,*,#2247,.T.);
#1332=ORIENTED_EDGE('',*,*,#2248,.F.);
#1333=ORIENTED_EDGE('',*,*,#2249,.T.);
#1334=ORIENTED_EDGE('',*,*,#2250,.T.);
#1335=ORIENTED_EDGE('',*,*,#2251,.F.);
#1336=ORIENTED_EDGE('',*,*,#2252,.F.);
#1337=ORIENTED_EDGE('',*,*,#2253,.F.);
#1338=ORIENTED_EDGE('',*,*,#2243,.F.);
#1339=ORIENTED_EDGE('',*,*,#2254,.T.);
#1340=ORIENTED_EDGE('',*,*,#2255,.T.);
#1341=ORIENTED_EDGE('',*,*,#2256,.T.);
#1342=ORIENTED_EDGE('',*,*,#2257,.F.);
#1343=ORIENTED_EDGE('',*,*,#2258,.F.);
#1344=ORIENTED_EDGE('',*,*,#2247,.F.);
#1345=ORIENTED_EDGE('',*,*,#2259,.T.);
#1346=ORIENTED_EDGE('',*,*,#2260,.F.);
#1347=ORIENTED_EDGE('',*,*,#2261,.T.);
#1348=ORIENTED_EDGE('',*,*,#2262,.T.);
#1349=ORIENTED_EDGE('',*,*,#2263,.F.);
#1350=ORIENTED_EDGE('',*,*,#2254,.F.);
#1351=ORIENTED_EDGE('',*,*,#2242,.F.);
#1352=ORIENTED_EDGE('',*,*,#2264,.F.);
#1353=ORIENTED_EDGE('',*,*,#2257,.T.);
#1354=ORIENTED_EDGE('',*,*,#2265,.T.);
#1355=ORIENTED_EDGE('',*,*,#2266,.F.);
#1356=ORIENTED_EDGE('',*,*,#2267,.F.);
#1357=ORIENTED_EDGE('',*,*,#2251,.T.);
#1358=ORIENTED_EDGE('',*,*,#2268,.F.);
#1359=ORIENTED_EDGE('',*,*,#2269,.T.);
#1360=ORIENTED_EDGE('',*,*,#2260,.T.);
#1361=ORIENTED_EDGE('',*,*,#2270,.T.);
#1362=ORIENTED_EDGE('',*,*,#2271,.T.);
#1363=ORIENTED_EDGE('',*,*,#2249,.F.);
#1364=ORIENTED_EDGE('',*,*,#2272,.F.);
#1365=ORIENTED_EDGE('',*,*,#2273,.T.);
#1366=ORIENTED_EDGE('',*,*,#2274,.T.);
#1367=ORIENTED_EDGE('',*,*,#2255,.F.);
#1368=ORIENTED_EDGE('',*,*,#2246,.F.);
#1369=ORIENTED_EDGE('',*,*,#2244,.F.);
#1370=ORIENTED_EDGE('',*,*,#2253,.T.);
#1371=ORIENTED_EDGE('',*,*,#2275,.F.);
#1372=ORIENTED_EDGE('',*,*,#2276,.F.);
#1373=ORIENTED_EDGE('',*,*,#2277,.T.);
#1374=ORIENTED_EDGE('',*,*,#2268,.T.);
#1375=ORIENTED_EDGE('',*,*,#2278,.F.);
#1376=ORIENTED_EDGE('',*,*,#2258,.T.);
#1377=ORIENTED_EDGE('',*,*,#2264,.T.);
#1378=ORIENTED_EDGE('',*,*,#2250,.F.);
#1379=ORIENTED_EDGE('',*,*,#2271,.F.);
#1380=ORIENTED_EDGE('',*,*,#2270,.F.);
#1381=ORIENTED_EDGE('',*,*,#2259,.F.);
#1382=ORIENTED_EDGE('',*,*,#2279,.F.);
#1383=ORIENTED_EDGE('',*,*,#2262,.F.);
#1384=ORIENTED_EDGE('',*,*,#2280,.T.);
#1385=ORIENTED_EDGE('',*,*,#2281,.T.);
#1386=ORIENTED_EDGE('',*,*,#2282,.F.);
#1387=ORIENTED_EDGE('',*,*,#2281,.F.);
#1388=ORIENTED_EDGE('',*,*,#2283,.T.);
#1389=ORIENTED_EDGE('',*,*,#2284,.T.);
#1390=ORIENTED_EDGE('',*,*,#2285,.F.);
#1391=ORIENTED_EDGE('',*,*,#2284,.F.);
#1392=ORIENTED_EDGE('',*,*,#2286,.T.);
#1393=ORIENTED_EDGE('',*,*,#2287,.T.);
#1394=ORIENTED_EDGE('',*,*,#2288,.F.);
#1395=ORIENTED_EDGE('',*,*,#2287,.F.);
#1396=ORIENTED_EDGE('',*,*,#2289,.T.);
#1397=ORIENTED_EDGE('',*,*,#2290,.T.);
#1398=ORIENTED_EDGE('',*,*,#2291,.F.);
#1399=ORIENTED_EDGE('',*,*,#2290,.F.);
#1400=ORIENTED_EDGE('',*,*,#2292,.T.);
#1401=ORIENTED_EDGE('',*,*,#2276,.T.);
#1402=ORIENTED_EDGE('',*,*,#2269,.F.);
#1403=ORIENTED_EDGE('',*,*,#2277,.F.);
#1404=ORIENTED_EDGE('',*,*,#2292,.F.);
#1405=ORIENTED_EDGE('',*,*,#2289,.F.);
#1406=ORIENTED_EDGE('',*,*,#2286,.F.);
#1407=ORIENTED_EDGE('',*,*,#2283,.F.);
#1408=ORIENTED_EDGE('',*,*,#2280,.F.);
#1409=ORIENTED_EDGE('',*,*,#2261,.F.);
#1410=ORIENTED_EDGE('',*,*,#2252,.T.);
#1411=ORIENTED_EDGE('',*,*,#2263,.T.);
#1412=ORIENTED_EDGE('',*,*,#2279,.T.);
#1413=ORIENTED_EDGE('',*,*,#2282,.T.);
#1414=ORIENTED_EDGE('',*,*,#2285,.T.);
#1415=ORIENTED_EDGE('',*,*,#2288,.T.);
#1416=ORIENTED_EDGE('',*,*,#2291,.T.);
#1417=ORIENTED_EDGE('',*,*,#2275,.T.);
#1418=ORIENTED_EDGE('',*,*,#2293,.T.);
#1419=ORIENTED_EDGE('',*,*,#2294,.F.);
#1420=ORIENTED_EDGE('',*,*,#2295,.F.);
#1421=ORIENTED_EDGE('',*,*,#2266,.T.);
#1422=ORIENTED_EDGE('',*,*,#2296,.T.);
#1423=ORIENTED_EDGE('',*,*,#2297,.F.);
#1424=ORIENTED_EDGE('',*,*,#2298,.F.);
#1425=ORIENTED_EDGE('',*,*,#2294,.T.);
#1426=ORIENTED_EDGE('',*,*,#2299,.T.);
#1427=ORIENTED_EDGE('',*,*,#2300,.F.);
#1428=ORIENTED_EDGE('',*,*,#2301,.F.);
#1429=ORIENTED_EDGE('',*,*,#2297,.T.);
#1430=ORIENTED_EDGE('',*,*,#2302,.T.);
#1431=ORIENTED_EDGE('',*,*,#2303,.F.);
#1432=ORIENTED_EDGE('',*,*,#2304,.F.);
#1433=ORIENTED_EDGE('',*,*,#2300,.T.);
#1434=ORIENTED_EDGE('',*,*,#2305,.T.);
#1435=ORIENTED_EDGE('',*,*,#2273,.F.);
#1436=ORIENTED_EDGE('',*,*,#2306,.F.);
#1437=ORIENTED_EDGE('',*,*,#2303,.T.);
#1438=ORIENTED_EDGE('',*,*,#2248,.T.);
#1439=ORIENTED_EDGE('',*,*,#2267,.T.);
#1440=ORIENTED_EDGE('',*,*,#2295,.T.);
#1441=ORIENTED_EDGE('',*,*,#2298,.T.);
#1442=ORIENTED_EDGE('',*,*,#2301,.T.);
#1443=ORIENTED_EDGE('',*,*,#2304,.T.);
#1444=ORIENTED_EDGE('',*,*,#2306,.T.);
#1445=ORIENTED_EDGE('',*,*,#2272,.T.);
#1446=ORIENTED_EDGE('',*,*,#2256,.F.);
#1447=ORIENTED_EDGE('',*,*,#2274,.F.);
#1448=ORIENTED_EDGE('',*,*,#2305,.F.);
#1449=ORIENTED_EDGE('',*,*,#2302,.F.);
#1450=ORIENTED_EDGE('',*,*,#2299,.F.);
#1451=ORIENTED_EDGE('',*,*,#2296,.F.);
#1452=ORIENTED_EDGE('',*,*,#2293,.F.);
#1453=ORIENTED_EDGE('',*,*,#2265,.F.);
#1454=ORIENTED_EDGE('',*,*,#2239,.T.);
#1455=ORIENTED_EDGE('',*,*,#2245,.T.);
#1456=ORIENTED_EDGE('',*,*,#2278,.T.);
#1457=ORIENTED_EDGE('',*,*,#2241,.T.);
#1458=ORIENTED_EDGE('',*,*,#2307,.F.);
#1459=ORIENTED_EDGE('',*,*,#2308,.F.);
#1460=ORIENTED_EDGE('',*,*,#2309,.F.);
#1461=ORIENTED_EDGE('',*,*,#2240,.T.);
#1462=ORIENTED_EDGE('',*,*,#2309,.T.);
#1463=ORIENTED_EDGE('',*,*,#2310,.F.);
#1464=ORIENTED_EDGE('',*,*,#2307,.T.);
#1465=ORIENTED_EDGE('',*,*,#2237,.F.);
#1466=ORIENTED_EDGE('',*,*,#2308,.T.);
#1467=ORIENTED_EDGE('',*,*,#2310,.T.);
#1468=ORIENTED_EDGE('',*,*,#2311,.T.);
#1469=ORIENTED_EDGE('',*,*,#2238,.T.);
#1470=ORIENTED_EDGE('',*,*,#2311,.F.);
#1471=ORIENTED_EDGE('',*,*,#2312,.T.);
#1472=ORIENTED_EDGE('',*,*,#2313,.F.);
#1473=ORIENTED_EDGE('',*,*,#2314,.F.);
#1474=ORIENTED_EDGE('',*,*,#2315,.T.);
#1475=ORIENTED_EDGE('',*,*,#2316,.T.);
#1476=ORIENTED_EDGE('',*,*,#2317,.F.);
#1477=ORIENTED_EDGE('',*,*,#2318,.F.);
#1478=ORIENTED_EDGE('',*,*,#2313,.T.);
#1479=ORIENTED_EDGE('',*,*,#2319,.T.);
#1480=ORIENTED_EDGE('',*,*,#2320,.F.);
#1481=ORIENTED_EDGE('',*,*,#2321,.F.);
#1482=ORIENTED_EDGE('',*,*,#2317,.T.);
#1483=ORIENTED_EDGE('',*,*,#2322,.T.);
#1484=ORIENTED_EDGE('',*,*,#2314,.T.);
#1485=ORIENTED_EDGE('',*,*,#2318,.T.);
#1486=ORIENTED_EDGE('',*,*,#2321,.T.);
#1487=ORIENTED_EDGE('',*,*,#2312,.F.);
#1488=ORIENTED_EDGE('',*,*,#2323,.F.);
#1489=ORIENTED_EDGE('',*,*,#2324,.T.);
#1490=ORIENTED_EDGE('',*,*,#2325,.T.);
#1491=ORIENTED_EDGE('',*,*,#2326,.T.);
#1492=ORIENTED_EDGE('',*,*,#2327,.F.);
#1493=ORIENTED_EDGE('',*,*,#2319,.F.);
#1494=ORIENTED_EDGE('',*,*,#2316,.F.);
#1495=ORIENTED_EDGE('',*,*,#2328,.F.);
#1496=ORIENTED_EDGE('',*,*,#2329,.F.);
#1497=ORIENTED_EDGE('',*,*,#2315,.F.);
#1498=ORIENTED_EDGE('',*,*,#2322,.F.);
#1499=ORIENTED_EDGE('',*,*,#2320,.T.);
#1500=ORIENTED_EDGE('',*,*,#2327,.T.);
#1501=ORIENTED_EDGE('',*,*,#2330,.F.);
#1502=ORIENTED_EDGE('',*,*,#2331,.T.);
#1503=ORIENTED_EDGE('',*,*,#2332,.T.);
#1504=ORIENTED_EDGE('',*,*,#2323,.T.);
#1505=ORIENTED_EDGE('',*,*,#2324,.F.);
#1506=ORIENTED_EDGE('',*,*,#2332,.F.);
#1507=ORIENTED_EDGE('',*,*,#2333,.T.);
#1508=ORIENTED_EDGE('',*,*,#2334,.T.);
#1509=ORIENTED_EDGE('',*,*,#2325,.F.);
#1510=ORIENTED_EDGE('',*,*,#2334,.F.);
#1511=ORIENTED_EDGE('',*,*,#2335,.T.);
#1512=ORIENTED_EDGE('',*,*,#2336,.T.);
#1513=ORIENTED_EDGE('',*,*,#2326,.F.);
#1514=ORIENTED_EDGE('',*,*,#2336,.F.);
#1515=ORIENTED_EDGE('',*,*,#2337,.T.);
#1516=ORIENTED_EDGE('',*,*,#2330,.T.);
#1517=ORIENTED_EDGE('',*,*,#2331,.F.);
#1518=ORIENTED_EDGE('',*,*,#2337,.F.);
#1519=ORIENTED_EDGE('',*,*,#2335,.F.);
#1520=ORIENTED_EDGE('',*,*,#2333,.F.);
#1521=ORIENTED_EDGE('',*,*,#2338,.T.);
#1522=ORIENTED_EDGE('',*,*,#2339,.T.);
#1523=ORIENTED_EDGE('',*,*,#2340,.T.);
#1524=ORIENTED_EDGE('',*,*,#2338,.F.);
#1525=ORIENTED_EDGE('',*,*,#2341,.T.);
#1526=ORIENTED_EDGE('',*,*,#2340,.F.);
#1527=ORIENTED_EDGE('',*,*,#2329,.T.);
#1528=ORIENTED_EDGE('',*,*,#2341,.F.);
#1529=ORIENTED_EDGE('',*,*,#2342,.T.);
#1530=ORIENTED_EDGE('',*,*,#2328,.T.);
#1531=ORIENTED_EDGE('',*,*,#2339,.F.);
#1532=ORIENTED_EDGE('',*,*,#2342,.F.);
#1533=ORIENTED_EDGE('',*,*,#2343,.T.);
#1534=ORIENTED_EDGE('',*,*,#2344,.T.);
#1535=ORIENTED_EDGE('',*,*,#2345,.F.);
#1536=ORIENTED_EDGE('',*,*,#2346,.F.);
#1537=ORIENTED_EDGE('',*,*,#2347,.T.);
#1538=ORIENTED_EDGE('',*,*,#2348,.F.);
#1539=ORIENTED_EDGE('',*,*,#2349,.F.);
#1540=ORIENTED_EDGE('',*,*,#2350,.F.);
#1541=ORIENTED_EDGE('',*,*,#2351,.T.);
#1542=ORIENTED_EDGE('',*,*,#2352,.T.);
#1543=ORIENTED_EDGE('',*,*,#2353,.T.);
#1544=ORIENTED_EDGE('',*,*,#2354,.T.);
#1545=ORIENTED_EDGE('',*,*,#2355,.T.);
#1546=ORIENTED_EDGE('',*,*,#2343,.F.);
#1547=ORIENTED_EDGE('',*,*,#2356,.F.);
#1548=ORIENTED_EDGE('',*,*,#2357,.F.);
#1549=ORIENTED_EDGE('',*,*,#2358,.F.);
#1550=ORIENTED_EDGE('',*,*,#2359,.F.);
#1551=ORIENTED_EDGE('',*,*,#2360,.F.);
#1552=ORIENTED_EDGE('',*,*,#2361,.F.);
#1553=ORIENTED_EDGE('',*,*,#2362,.F.);
#1554=ORIENTED_EDGE('',*,*,#2363,.F.);
#1555=ORIENTED_EDGE('',*,*,#2364,.F.);
#1556=ORIENTED_EDGE('',*,*,#2365,.T.);
#1557=ORIENTED_EDGE('',*,*,#2366,.T.);
#1558=ORIENTED_EDGE('',*,*,#2354,.F.);
#1559=ORIENTED_EDGE('',*,*,#2367,.T.);
#1560=ORIENTED_EDGE('',*,*,#2368,.F.);
#1561=ORIENTED_EDGE('',*,*,#2369,.T.);
#1562=ORIENTED_EDGE('',*,*,#2370,.F.);
#1563=ORIENTED_EDGE('',*,*,#2371,.T.);
#1564=ORIENTED_EDGE('',*,*,#2372,.F.);
#1565=ORIENTED_EDGE('',*,*,#2373,.T.);
#1566=ORIENTED_EDGE('',*,*,#2374,.F.);
#1567=ORIENTED_EDGE('',*,*,#2375,.F.);
#1568=ORIENTED_EDGE('',*,*,#2376,.F.);
#1569=ORIENTED_EDGE('',*,*,#2377,.T.);
#1570=ORIENTED_EDGE('',*,*,#2378,.F.);
#1571=ORIENTED_EDGE('',*,*,#2379,.F.);
#1572=ORIENTED_EDGE('',*,*,#2380,.T.);
#1573=ORIENTED_EDGE('',*,*,#2381,.T.);
#1574=ORIENTED_EDGE('',*,*,#2382,.T.);
#1575=ORIENTED_EDGE('',*,*,#2371,.F.);
#1576=ORIENTED_EDGE('',*,*,#2383,.T.);
#1577=ORIENTED_EDGE('',*,*,#2349,.T.);
#1578=ORIENTED_EDGE('',*,*,#2384,.F.);
#1579=ORIENTED_EDGE('',*,*,#2385,.F.);
#1580=ORIENTED_EDGE('',*,*,#2386,.T.);
#1581=ORIENTED_EDGE('',*,*,#2387,.T.);
#1582=ORIENTED_EDGE('',*,*,#2359,.T.);
#1583=ORIENTED_EDGE('',*,*,#2388,.F.);
#1584=ORIENTED_EDGE('',*,*,#2389,.T.);
#1585=ORIENTED_EDGE('',*,*,#2385,.T.);
#1586=ORIENTED_EDGE('',*,*,#2361,.T.);
#1587=ORIENTED_EDGE('',*,*,#2387,.F.);
#1588=ORIENTED_EDGE('',*,*,#2390,.T.);
#1589=ORIENTED_EDGE('',*,*,#2388,.T.);
#1590=ORIENTED_EDGE('',*,*,#2360,.T.);
#1591=ORIENTED_EDGE('',*,*,#2391,.F.);
#1592=ORIENTED_EDGE('',*,*,#2392,.T.);
#1593=ORIENTED_EDGE('',*,*,#2393,.T.);
#1594=ORIENTED_EDGE('',*,*,#2362,.T.);
#1595=ORIENTED_EDGE('',*,*,#2394,.F.);
#1596=ORIENTED_EDGE('',*,*,#2395,.T.);
#1597=ORIENTED_EDGE('',*,*,#2391,.T.);
#1598=ORIENTED_EDGE('',*,*,#2364,.T.);
#1599=ORIENTED_EDGE('',*,*,#2393,.F.);
#1600=ORIENTED_EDGE('',*,*,#2396,.T.);
#1601=ORIENTED_EDGE('',*,*,#2394,.T.);
#1602=ORIENTED_EDGE('',*,*,#2363,.T.);
#1603=ORIENTED_EDGE('',*,*,#2368,.T.);
#1604=ORIENTED_EDGE('',*,*,#2397,.T.);
#1605=ORIENTED_EDGE('',*,*,#2378,.T.);
#1606=ORIENTED_EDGE('',*,*,#2398,.T.);
#1607=ORIENTED_EDGE('',*,*,#2370,.T.);
#1608=ORIENTED_EDGE('',*,*,#2399,.T.);
#1609=ORIENTED_EDGE('',*,*,#2376,.T.);
#1610=ORIENTED_EDGE('',*,*,#2383,.F.);
#1611=ORIENTED_EDGE('',*,*,#2348,.T.);
#1612=ORIENTED_EDGE('',*,*,#2400,.T.);
#1613=ORIENTED_EDGE('',*,*,#2372,.T.);
#1614=ORIENTED_EDGE('',*,*,#2384,.T.);
#1615=ORIENTED_EDGE('',*,*,#2346,.T.);
#1616=ORIENTED_EDGE('',*,*,#2401,.T.);
#1617=ORIENTED_EDGE('',*,*,#2374,.T.);
#1618=ORIENTED_EDGE('',*,*,#2402,.T.);
#1619=ORIENTED_EDGE('',*,*,#2403,.F.);
#1620=ORIENTED_EDGE('',*,*,#2351,.F.);
#1621=ORIENTED_EDGE('',*,*,#2404,.F.);
#1622=ORIENTED_EDGE('',*,*,#2389,.F.);
#1623=ORIENTED_EDGE('',*,*,#2404,.T.);
#1624=ORIENTED_EDGE('',*,*,#2353,.F.);
#1625=ORIENTED_EDGE('',*,*,#2405,.F.);
#1626=ORIENTED_EDGE('',*,*,#2386,.F.);
#1627=ORIENTED_EDGE('',*,*,#2403,.T.);
#1628=ORIENTED_EDGE('',*,*,#2390,.F.);
#1629=ORIENTED_EDGE('',*,*,#2405,.T.);
#1630=ORIENTED_EDGE('',*,*,#2352,.F.);
#1631=ORIENTED_EDGE('',*,*,#2406,.F.);
#1632=ORIENTED_EDGE('',*,*,#2380,.F.);
#1633=ORIENTED_EDGE('',*,*,#2407,.F.);
#1634=ORIENTED_EDGE('',*,*,#2395,.F.);
#1635=ORIENTED_EDGE('',*,*,#2407,.T.);
#1636=ORIENTED_EDGE('',*,*,#2382,.F.);
#1637=ORIENTED_EDGE('',*,*,#2408,.F.);
#1638=ORIENTED_EDGE('',*,*,#2392,.F.);
#1639=ORIENTED_EDGE('',*,*,#2406,.T.);
#1640=ORIENTED_EDGE('',*,*,#2396,.F.);
#1641=ORIENTED_EDGE('',*,*,#2408,.T.);
#1642=ORIENTED_EDGE('',*,*,#2381,.F.);
#1643=ORIENTED_EDGE('',*,*,#2369,.F.);
#1644=ORIENTED_EDGE('',*,*,#2398,.F.);
#1645=ORIENTED_EDGE('',*,*,#2377,.F.);
#1646=ORIENTED_EDGE('',*,*,#2399,.F.);
#1647=ORIENTED_EDGE('',*,*,#2373,.F.);
#1648=ORIENTED_EDGE('',*,*,#2400,.F.);
#1649=ORIENTED_EDGE('',*,*,#2347,.F.);
#1650=ORIENTED_EDGE('',*,*,#2402,.F.);
#1651=ORIENTED_EDGE('',*,*,#2345,.T.);
#1652=ORIENTED_EDGE('',*,*,#2409,.T.);
#1653=ORIENTED_EDGE('',*,*,#2365,.F.);
#1654=ORIENTED_EDGE('',*,*,#2401,.F.);
#1655=ORIENTED_EDGE('',*,*,#2410,.T.);
#1656=ORIENTED_EDGE('',*,*,#2411,.T.);
#1657=ORIENTED_EDGE('',*,*,#2358,.T.);
#1658=ORIENTED_EDGE('',*,*,#2412,.F.);
#1659=ORIENTED_EDGE('',*,*,#2413,.T.);
#1660=ORIENTED_EDGE('',*,*,#2379,.T.);
#1661=ORIENTED_EDGE('',*,*,#2397,.F.);
#1662=ORIENTED_EDGE('',*,*,#2367,.F.);
#1663=ORIENTED_EDGE('',*,*,#2414,.T.);
#1664=ORIENTED_EDGE('',*,*,#2415,.T.);
#1665=ORIENTED_EDGE('',*,*,#2350,.T.);
#1666=ORIENTED_EDGE('',*,*,#2416,.F.);
#1667=ORIENTED_EDGE('',*,*,#2417,.F.);
#1668=ORIENTED_EDGE('',*,*,#2356,.T.);
#1669=ORIENTED_EDGE('',*,*,#2375,.T.);
#1670=ORIENTED_EDGE('',*,*,#2413,.F.);
#1671=ORIENTED_EDGE('',*,*,#2418,.F.);
#1672=ORIENTED_EDGE('',*,*,#2416,.T.);
#1673=ORIENTED_EDGE('',*,*,#2417,.T.);
#1674=ORIENTED_EDGE('',*,*,#2418,.T.);
#1675=ORIENTED_EDGE('',*,*,#2412,.T.);
#1676=ORIENTED_EDGE('',*,*,#2357,.T.);
#1677=ORIENTED_EDGE('',*,*,#2419,.T.);
#1678=ORIENTED_EDGE('',*,*,#2411,.F.);
#1679=ORIENTED_EDGE('',*,*,#2420,.T.);
#1680=ORIENTED_EDGE('',*,*,#2410,.F.);
#1681=ORIENTED_EDGE('',*,*,#2414,.F.);
#1682=ORIENTED_EDGE('',*,*,#2420,.F.);
#1683=ORIENTED_EDGE('',*,*,#2415,.F.);
#1684=ORIENTED_EDGE('',*,*,#2419,.F.);
#1685=ORIENTED_EDGE('',*,*,#2366,.F.);
#1686=ORIENTED_EDGE('',*,*,#2409,.F.);
#1687=ORIENTED_EDGE('',*,*,#2344,.F.);
#1688=ORIENTED_EDGE('',*,*,#2355,.F.);
#1689=ORIENTED_EDGE('',*,*,#2421,.F.);
#1690=ORIENTED_EDGE('',*,*,#2422,.T.);
#1691=ORIENTED_EDGE('',*,*,#2423,.F.);
#1692=ORIENTED_EDGE('',*,*,#2424,.F.);
#1693=ORIENTED_EDGE('',*,*,#2425,.F.);
#1694=ORIENTED_EDGE('',*,*,#2426,.T.);
#1695=ORIENTED_EDGE('',*,*,#2427,.F.);
#1696=ORIENTED_EDGE('',*,*,#2428,.T.);
#1697=ORIENTED_EDGE('',*,*,#2429,.T.);
#1698=ORIENTED_EDGE('',*,*,#2430,.T.);
#1699=ORIENTED_EDGE('',*,*,#2431,.T.);
#1700=ORIENTED_EDGE('',*,*,#2432,.T.);
#1701=ORIENTED_EDGE('',*,*,#2433,.T.);
#1702=ORIENTED_EDGE('',*,*,#2434,.T.);
#1703=ORIENTED_EDGE('',*,*,#2435,.T.);
#1704=ORIENTED_EDGE('',*,*,#2436,.T.);
#1705=ORIENTED_EDGE('',*,*,#2437,.T.);
#1706=ORIENTED_EDGE('',*,*,#2438,.T.);
#1707=ORIENTED_EDGE('',*,*,#2439,.T.);
#1708=ORIENTED_EDGE('',*,*,#2440,.T.);
#1709=ORIENTED_EDGE('',*,*,#2441,.T.);
#1710=ORIENTED_EDGE('',*,*,#2442,.T.);
#1711=ORIENTED_EDGE('',*,*,#2443,.T.);
#1712=ORIENTED_EDGE('',*,*,#2444,.T.);
#1713=ORIENTED_EDGE('',*,*,#2445,.T.);
#1714=ORIENTED_EDGE('',*,*,#2446,.F.);
#1715=ORIENTED_EDGE('',*,*,#2447,.T.);
#1716=ORIENTED_EDGE('',*,*,#2448,.F.);
#1717=ORIENTED_EDGE('',*,*,#2449,.T.);
#1718=ORIENTED_EDGE('',*,*,#2450,.T.);
#1719=ORIENTED_EDGE('',*,*,#2451,.T.);
#1720=ORIENTED_EDGE('',*,*,#2452,.F.);
#1721=ORIENTED_EDGE('',*,*,#2453,.F.);
#1722=ORIENTED_EDGE('',*,*,#2454,.F.);
#1723=ORIENTED_EDGE('',*,*,#2455,.F.);
#1724=ORIENTED_EDGE('',*,*,#2456,.F.);
#1725=ORIENTED_EDGE('',*,*,#2457,.F.);
#1726=ORIENTED_EDGE('',*,*,#2458,.F.);
#1727=ORIENTED_EDGE('',*,*,#2459,.F.);
#1728=ORIENTED_EDGE('',*,*,#2460,.F.);
#1729=ORIENTED_EDGE('',*,*,#2461,.F.);
#1730=ORIENTED_EDGE('',*,*,#2462,.F.);
#1731=ORIENTED_EDGE('',*,*,#2463,.F.);
#1732=ORIENTED_EDGE('',*,*,#2464,.F.);
#1733=ORIENTED_EDGE('',*,*,#2465,.F.);
#1734=ORIENTED_EDGE('',*,*,#2466,.F.);
#1735=ORIENTED_EDGE('',*,*,#2467,.F.);
#1736=ORIENTED_EDGE('',*,*,#2468,.F.);
#1737=ORIENTED_EDGE('',*,*,#2469,.T.);
#1738=ORIENTED_EDGE('',*,*,#2470,.T.);
#1739=ORIENTED_EDGE('',*,*,#2471,.T.);
#1740=ORIENTED_EDGE('',*,*,#2472,.F.);
#1741=ORIENTED_EDGE('',*,*,#2473,.F.);
#1742=ORIENTED_EDGE('',*,*,#2474,.F.);
#1743=ORIENTED_EDGE('',*,*,#2475,.F.);
#1744=ORIENTED_EDGE('',*,*,#2476,.F.);
#1745=ORIENTED_EDGE('',*,*,#2477,.F.);
#1746=ORIENTED_EDGE('',*,*,#2478,.F.);
#1747=ORIENTED_EDGE('',*,*,#2479,.F.);
#1748=ORIENTED_EDGE('',*,*,#2480,.F.);
#1749=ORIENTED_EDGE('',*,*,#2481,.F.);
#1750=ORIENTED_EDGE('',*,*,#2427,.T.);
#1751=ORIENTED_EDGE('',*,*,#2482,.F.);
#1752=ORIENTED_EDGE('',*,*,#2483,.F.);
#1753=ORIENTED_EDGE('',*,*,#2484,.F.);
#1754=ORIENTED_EDGE('',*,*,#2485,.F.);
#1755=ORIENTED_EDGE('',*,*,#2486,.F.);
#1756=ORIENTED_EDGE('',*,*,#2487,.F.);
#1757=ORIENTED_EDGE('',*,*,#2488,.F.);
#1758=ORIENTED_EDGE('',*,*,#2489,.F.);
#1759=ORIENTED_EDGE('',*,*,#2490,.F.);
#1760=ORIENTED_EDGE('',*,*,#2482,.T.);
#1761=ORIENTED_EDGE('',*,*,#2474,.T.);
#1762=ORIENTED_EDGE('',*,*,#2491,.T.);
#1763=ORIENTED_EDGE('',*,*,#2483,.T.);
#1764=ORIENTED_EDGE('',*,*,#2492,.F.);
#1765=ORIENTED_EDGE('',*,*,#2481,.T.);
#1766=ORIENTED_EDGE('',*,*,#2493,.T.);
#1767=ORIENTED_EDGE('',*,*,#2484,.T.);
#1768=ORIENTED_EDGE('',*,*,#2491,.F.);
#1769=ORIENTED_EDGE('',*,*,#2480,.T.);
#1770=ORIENTED_EDGE('',*,*,#2494,.T.);
#1771=ORIENTED_EDGE('',*,*,#2485,.T.);
#1772=ORIENTED_EDGE('',*,*,#2493,.F.);
#1773=ORIENTED_EDGE('',*,*,#2479,.T.);
#1774=ORIENTED_EDGE('',*,*,#2495,.T.);
#1775=ORIENTED_EDGE('',*,*,#2486,.T.);
#1776=ORIENTED_EDGE('',*,*,#2494,.F.);
#1777=ORIENTED_EDGE('',*,*,#2478,.T.);
#1778=ORIENTED_EDGE('',*,*,#2496,.T.);
#1779=ORIENTED_EDGE('',*,*,#2487,.T.);
#1780=ORIENTED_EDGE('',*,*,#2495,.F.);
#1781=ORIENTED_EDGE('',*,*,#2477,.T.);
#1782=ORIENTED_EDGE('',*,*,#2497,.T.);
#1783=ORIENTED_EDGE('',*,*,#2488,.T.);
#1784=ORIENTED_EDGE('',*,*,#2496,.F.);
#1785=ORIENTED_EDGE('',*,*,#2476,.T.);
#1786=ORIENTED_EDGE('',*,*,#2498,.T.);
#1787=ORIENTED_EDGE('',*,*,#2489,.T.);
#1788=ORIENTED_EDGE('',*,*,#2497,.F.);
#1789=ORIENTED_EDGE('',*,*,#2475,.T.);
#1790=ORIENTED_EDGE('',*,*,#2492,.T.);
#1791=ORIENTED_EDGE('',*,*,#2490,.T.);
#1792=ORIENTED_EDGE('',*,*,#2498,.F.);
#1793=ORIENTED_EDGE('',*,*,#2423,.T.);
#1794=ORIENTED_EDGE('',*,*,#2499,.T.);
#1795=ORIENTED_EDGE('',*,*,#2444,.F.);
#1796=ORIENTED_EDGE('',*,*,#2500,.T.);
#1797=ORIENTED_EDGE('',*,*,#2468,.T.);
#1798=ORIENTED_EDGE('',*,*,#2501,.T.);
#1799=ORIENTED_EDGE('',*,*,#2472,.T.);
#1800=ORIENTED_EDGE('',*,*,#2502,.T.);
#1801=ORIENTED_EDGE('',*,*,#2448,.T.);
#1802=ORIENTED_EDGE('',*,*,#2503,.T.);
#1803=ORIENTED_EDGE('',*,*,#2425,.T.);
#1804=ORIENTED_EDGE('',*,*,#2504,.F.);
#1805=ORIENTED_EDGE('',*,*,#2424,.T.);
#1806=ORIENTED_EDGE('',*,*,#2501,.F.);
#1807=ORIENTED_EDGE('',*,*,#2473,.T.);
#1808=ORIENTED_EDGE('',*,*,#2504,.T.);
#1809=ORIENTED_EDGE('',*,*,#2446,.T.);
#1810=ORIENTED_EDGE('',*,*,#2505,.T.);
#1811=ORIENTED_EDGE('',*,*,#2506,.F.);
#1812=ORIENTED_EDGE('',*,*,#2507,.T.);
#1813=ORIENTED_EDGE('',*,*,#2506,.T.);
#1814=ORIENTED_EDGE('',*,*,#2508,.T.);
#1815=ORIENTED_EDGE('',*,*,#2421,.T.);
#1816=ORIENTED_EDGE('',*,*,#2509,.T.);
#1817=ORIENTED_EDGE('',*,*,#2510,.F.);
#1818=ORIENTED_EDGE('',*,*,#2511,.T.);
#1819=ORIENTED_EDGE('',*,*,#2470,.F.);
#1820=ORIENTED_EDGE('',*,*,#2512,.T.);
#1821=ORIENTED_EDGE('',*,*,#2450,.F.);
#1822=ORIENTED_EDGE('',*,*,#2513,.T.);
#1823=ORIENTED_EDGE('',*,*,#2510,.T.);
#1824=ORIENTED_EDGE('',*,*,#2514,.T.);
#1825=ORIENTED_EDGE('',*,*,#2499,.F.);
#1826=ORIENTED_EDGE('',*,*,#2422,.F.);
#1827=ORIENTED_EDGE('',*,*,#2508,.F.);
#1828=ORIENTED_EDGE('',*,*,#2505,.F.);
#1829=ORIENTED_EDGE('',*,*,#2445,.F.);
#1830=ORIENTED_EDGE('',*,*,#2447,.F.);
#1831=ORIENTED_EDGE('',*,*,#2507,.F.);
#1832=ORIENTED_EDGE('',*,*,#2512,.F.);
#1833=ORIENTED_EDGE('',*,*,#2469,.F.);
#1834=ORIENTED_EDGE('',*,*,#2500,.F.);
#1835=ORIENTED_EDGE('',*,*,#2511,.F.);
#1836=ORIENTED_EDGE('',*,*,#2513,.F.);
#1837=ORIENTED_EDGE('',*,*,#2449,.F.);
#1838=ORIENTED_EDGE('',*,*,#2502,.F.);
#1839=ORIENTED_EDGE('',*,*,#2471,.F.);
#1840=ORIENTED_EDGE('',*,*,#2509,.F.);
#1841=ORIENTED_EDGE('',*,*,#2426,.F.);
#1842=ORIENTED_EDGE('',*,*,#2503,.F.);
#1843=ORIENTED_EDGE('',*,*,#2451,.F.);
#1844=ORIENTED_EDGE('',*,*,#2514,.F.);
#1845=ORIENTED_EDGE('',*,*,#2464,.T.);
#1846=ORIENTED_EDGE('',*,*,#2515,.T.);
#1847=ORIENTED_EDGE('',*,*,#2516,.T.);
#1848=ORIENTED_EDGE('',*,*,#2517,.F.);
#1849=ORIENTED_EDGE('',*,*,#2467,.T.);
#1850=ORIENTED_EDGE('',*,*,#2518,.T.);
#1851=ORIENTED_EDGE('',*,*,#2519,.T.);
#1852=ORIENTED_EDGE('',*,*,#2515,.F.);
#1853=ORIENTED_EDGE('',*,*,#2466,.T.);
#1854=ORIENTED_EDGE('',*,*,#2520,.T.);
#1855=ORIENTED_EDGE('',*,*,#2521,.T.);
#1856=ORIENTED_EDGE('',*,*,#2518,.F.);
#1857=ORIENTED_EDGE('',*,*,#2465,.T.);
#1858=ORIENTED_EDGE('',*,*,#2517,.T.);
#1859=ORIENTED_EDGE('',*,*,#2522,.T.);
#1860=ORIENTED_EDGE('',*,*,#2520,.F.);
#1861=ORIENTED_EDGE('',*,*,#2516,.F.);
#1862=ORIENTED_EDGE('',*,*,#2519,.F.);
#1863=ORIENTED_EDGE('',*,*,#2521,.F.);
#1864=ORIENTED_EDGE('',*,*,#2522,.F.);
#1865=ORIENTED_EDGE('',*,*,#2460,.T.);
#1866=ORIENTED_EDGE('',*,*,#2523,.T.);
#1867=ORIENTED_EDGE('',*,*,#2524,.T.);
#1868=ORIENTED_EDGE('',*,*,#2525,.F.);
#1869=ORIENTED_EDGE('',*,*,#2463,.T.);
#1870=ORIENTED_EDGE('',*,*,#2526,.T.);
#1871=ORIENTED_EDGE('',*,*,#2527,.T.);
#1872=ORIENTED_EDGE('',*,*,#2523,.F.);
#1873=ORIENTED_EDGE('',*,*,#2462,.T.);
#1874=ORIENTED_EDGE('',*,*,#2528,.T.);
#1875=ORIENTED_EDGE('',*,*,#2529,.T.);
#1876=ORIENTED_EDGE('',*,*,#2526,.F.);
#1877=ORIENTED_EDGE('',*,*,#2461,.T.);
#1878=ORIENTED_EDGE('',*,*,#2525,.T.);
#1879=ORIENTED_EDGE('',*,*,#2530,.T.);
#1880=ORIENTED_EDGE('',*,*,#2528,.F.);
#1881=ORIENTED_EDGE('',*,*,#2524,.F.);
#1882=ORIENTED_EDGE('',*,*,#2527,.F.);
#1883=ORIENTED_EDGE('',*,*,#2529,.F.);
#1884=ORIENTED_EDGE('',*,*,#2530,.F.);
#1885=ORIENTED_EDGE('',*,*,#2456,.T.);
#1886=ORIENTED_EDGE('',*,*,#2531,.T.);
#1887=ORIENTED_EDGE('',*,*,#2532,.T.);
#1888=ORIENTED_EDGE('',*,*,#2533,.F.);
#1889=ORIENTED_EDGE('',*,*,#2459,.T.);
#1890=ORIENTED_EDGE('',*,*,#2534,.T.);
#1891=ORIENTED_EDGE('',*,*,#2535,.T.);
#1892=ORIENTED_EDGE('',*,*,#2531,.F.);
#1893=ORIENTED_EDGE('',*,*,#2458,.T.);
#1894=ORIENTED_EDGE('',*,*,#2536,.T.);
#1895=ORIENTED_EDGE('',*,*,#2537,.T.);
#1896=ORIENTED_EDGE('',*,*,#2534,.F.);
#1897=ORIENTED_EDGE('',*,*,#2457,.T.);
#1898=ORIENTED_EDGE('',*,*,#2533,.T.);
#1899=ORIENTED_EDGE('',*,*,#2538,.T.);
#1900=ORIENTED_EDGE('',*,*,#2536,.F.);
#1901=ORIENTED_EDGE('',*,*,#2532,.F.);
#1902=ORIENTED_EDGE('',*,*,#2535,.F.);
#1903=ORIENTED_EDGE('',*,*,#2537,.F.);
#1904=ORIENTED_EDGE('',*,*,#2538,.F.);
#1905=ORIENTED_EDGE('',*,*,#2452,.T.);
#1906=ORIENTED_EDGE('',*,*,#2539,.T.);
#1907=ORIENTED_EDGE('',*,*,#2540,.T.);
#1908=ORIENTED_EDGE('',*,*,#2541,.F.);
#1909=ORIENTED_EDGE('',*,*,#2455,.T.);
#1910=ORIENTED_EDGE('',*,*,#2542,.T.);
#1911=ORIENTED_EDGE('',*,*,#2543,.T.);
#1912=ORIENTED_EDGE('',*,*,#2539,.F.);
#1913=ORIENTED_EDGE('',*,*,#2454,.T.);
#1914=ORIENTED_EDGE('',*,*,#2544,.T.);
#1915=ORIENTED_EDGE('',*,*,#2545,.T.);
#1916=ORIENTED_EDGE('',*,*,#2542,.F.);
#1917=ORIENTED_EDGE('',*,*,#2453,.T.);
#1918=ORIENTED_EDGE('',*,*,#2541,.T.);
#1919=ORIENTED_EDGE('',*,*,#2546,.T.);
#1920=ORIENTED_EDGE('',*,*,#2544,.F.);
#1921=ORIENTED_EDGE('',*,*,#2540,.F.);
#1922=ORIENTED_EDGE('',*,*,#2543,.F.);
#1923=ORIENTED_EDGE('',*,*,#2545,.F.);
#1924=ORIENTED_EDGE('',*,*,#2546,.F.);
#1925=ORIENTED_EDGE('',*,*,#2429,.F.);
#1926=ORIENTED_EDGE('',*,*,#2547,.T.);
#1927=ORIENTED_EDGE('',*,*,#2548,.F.);
#1928=ORIENTED_EDGE('',*,*,#2549,.F.);
#1929=ORIENTED_EDGE('',*,*,#2430,.F.);
#1930=ORIENTED_EDGE('',*,*,#2549,.T.);
#1931=ORIENTED_EDGE('',*,*,#2550,.F.);
#1932=ORIENTED_EDGE('',*,*,#2551,.F.);
#1933=ORIENTED_EDGE('',*,*,#2431,.F.);
#1934=ORIENTED_EDGE('',*,*,#2551,.T.);
#1935=ORIENTED_EDGE('',*,*,#2552,.F.);
#1936=ORIENTED_EDGE('',*,*,#2553,.F.);
#1937=ORIENTED_EDGE('',*,*,#2428,.F.);
#1938=ORIENTED_EDGE('',*,*,#2553,.T.);
#1939=ORIENTED_EDGE('',*,*,#2554,.F.);
#1940=ORIENTED_EDGE('',*,*,#2547,.F.);
#1941=ORIENTED_EDGE('',*,*,#2548,.T.);
#1942=ORIENTED_EDGE('',*,*,#2554,.T.);
#1943=ORIENTED_EDGE('',*,*,#2552,.T.);
#1944=ORIENTED_EDGE('',*,*,#2550,.T.);
#1945=ORIENTED_EDGE('',*,*,#2433,.F.);
#1946=ORIENTED_EDGE('',*,*,#2555,.T.);
#1947=ORIENTED_EDGE('',*,*,#2556,.F.);
#1948=ORIENTED_EDGE('',*,*,#2557,.F.);
#1949=ORIENTED_EDGE('',*,*,#2434,.F.);
#1950=ORIENTED_EDGE('',*,*,#2557,.T.);
#1951=ORIENTED_EDGE('',*,*,#2558,.F.);
#1952=ORIENTED_EDGE('',*,*,#2559,.F.);
#1953=ORIENTED_EDGE('',*,*,#2435,.F.);
#1954=ORIENTED_EDGE('',*,*,#2559,.T.);
#1955=ORIENTED_EDGE('',*,*,#2560,.F.);
#1956=ORIENTED_EDGE('',*,*,#2561,.F.);
#1957=ORIENTED_EDGE('',*,*,#2432,.F.);
#1958=ORIENTED_EDGE('',*,*,#2561,.T.);
#1959=ORIENTED_EDGE('',*,*,#2562,.F.);
#1960=ORIENTED_EDGE('',*,*,#2555,.F.);
#1961=ORIENTED_EDGE('',*,*,#2556,.T.);
#1962=ORIENTED_EDGE('',*,*,#2562,.T.);
#1963=ORIENTED_EDGE('',*,*,#2560,.T.);
#1964=ORIENTED_EDGE('',*,*,#2558,.T.);
#1965=ORIENTED_EDGE('',*,*,#2437,.F.);
#1966=ORIENTED_EDGE('',*,*,#2563,.T.);
#1967=ORIENTED_EDGE('',*,*,#2564,.F.);
#1968=ORIENTED_EDGE('',*,*,#2565,.F.);
#1969=ORIENTED_EDGE('',*,*,#2438,.F.);
#1970=ORIENTED_EDGE('',*,*,#2565,.T.);
#1971=ORIENTED_EDGE('',*,*,#2566,.F.);
#1972=ORIENTED_EDGE('',*,*,#2567,.F.);
#1973=ORIENTED_EDGE('',*,*,#2439,.F.);
#1974=ORIENTED_EDGE('',*,*,#2567,.T.);
#1975=ORIENTED_EDGE('',*,*,#2568,.F.);
#1976=ORIENTED_EDGE('',*,*,#2569,.F.);
#1977=ORIENTED_EDGE('',*,*,#2436,.F.);
#1978=ORIENTED_EDGE('',*,*,#2569,.T.);
#1979=ORIENTED_EDGE('',*,*,#2570,.F.);
#1980=ORIENTED_EDGE('',*,*,#2563,.F.);
#1981=ORIENTED_EDGE('',*,*,#2564,.T.);
#1982=ORIENTED_EDGE('',*,*,#2570,.T.);
#1983=ORIENTED_EDGE('',*,*,#2568,.T.);
#1984=ORIENTED_EDGE('',*,*,#2566,.T.);
#1985=ORIENTED_EDGE('',*,*,#2441,.F.);
#1986=ORIENTED_EDGE('',*,*,#2571,.T.);
#1987=ORIENTED_EDGE('',*,*,#2572,.F.);
#1988=ORIENTED_EDGE('',*,*,#2573,.F.);
#1989=ORIENTED_EDGE('',*,*,#2442,.F.);
#1990=ORIENTED_EDGE('',*,*,#2573,.T.);
#1991=ORIENTED_EDGE('',*,*,#2574,.F.);
#1992=ORIENTED_EDGE('',*,*,#2575,.F.);
#1993=ORIENTED_EDGE('',*,*,#2443,.F.);
#1994=ORIENTED_EDGE('',*,*,#2575,.T.);
#1995=ORIENTED_EDGE('',*,*,#2576,.F.);
#1996=ORIENTED_EDGE('',*,*,#2577,.F.);
#1997=ORIENTED_EDGE('',*,*,#2440,.F.);
#1998=ORIENTED_EDGE('',*,*,#2577,.T.);
#1999=ORIENTED_EDGE('',*,*,#2578,.F.);
#2000=ORIENTED_EDGE('',*,*,#2571,.F.);
#2001=ORIENTED_EDGE('',*,*,#2572,.T.);
#2002=ORIENTED_EDGE('',*,*,#2578,.T.);
#2003=ORIENTED_EDGE('',*,*,#2576,.T.);
#2004=ORIENTED_EDGE('',*,*,#2574,.T.);
#2005=VERTEX_POINT('',#3561);
#2006=VERTEX_POINT('',#3563);
#2007=VERTEX_POINT('',#3566);
#2008=VERTEX_POINT('',#3569);
#2009=VERTEX_POINT('',#3570);
#2010=VERTEX_POINT('',#3572);
#2011=VERTEX_POINT('',#3574);
#2012=VERTEX_POINT('',#3576);
#2013=VERTEX_POINT('',#3578);
#2014=VERTEX_POINT('',#3582);
#2015=VERTEX_POINT('',#3584);
#2016=VERTEX_POINT('',#3588);
#2017=VERTEX_POINT('',#3589);
#2018=VERTEX_POINT('',#3591);
#2019=VERTEX_POINT('',#3593);
#2020=VERTEX_POINT('',#3597);
#2021=VERTEX_POINT('',#3598);
#2022=VERTEX_POINT('',#3603);
#2023=VERTEX_POINT('',#3605);
#2024=VERTEX_POINT('',#3607);
#2025=VERTEX_POINT('',#3611);
#2026=VERTEX_POINT('',#3613);
#2027=VERTEX_POINT('',#3615);
#2028=VERTEX_POINT('',#3617);
#2029=VERTEX_POINT('',#3621);
#2030=VERTEX_POINT('',#3623);
#2031=VERTEX_POINT('',#3627);
#2032=VERTEX_POINT('',#3628);
#2033=VERTEX_POINT('',#3634);
#2034=VERTEX_POINT('',#3636);
#2035=VERTEX_POINT('',#3639);
#2036=VERTEX_POINT('',#3641);
#2037=VERTEX_POINT('',#3648);
#2038=VERTEX_POINT('',#3650);
#2039=VERTEX_POINT('',#3654);
#2040=VERTEX_POINT('',#3656);
#2041=VERTEX_POINT('',#3660);
#2042=VERTEX_POINT('',#3662);
#2043=VERTEX_POINT('',#3666);
#2044=VERTEX_POINT('',#3668);
#2045=VERTEX_POINT('',#3677);
#2046=VERTEX_POINT('',#3679);
#2047=VERTEX_POINT('',#3683);
#2048=VERTEX_POINT('',#3685);
#2049=VERTEX_POINT('',#3689);
#2050=VERTEX_POINT('',#3691);
#2051=VERTEX_POINT('',#3695);
#2052=VERTEX_POINT('',#3697);
#2053=VERTEX_POINT('',#3706);
#2054=VERTEX_POINT('',#3708);
#2055=VERTEX_POINT('',#3715);
#2056=VERTEX_POINT('',#3719);
#2057=VERTEX_POINT('',#3720);
#2058=VERTEX_POINT('',#3722);
#2059=VERTEX_POINT('',#3724);
#2060=VERTEX_POINT('',#3728);
#2061=VERTEX_POINT('',#3730);
#2062=VERTEX_POINT('',#3734);
#2063=VERTEX_POINT('',#3736);
#2064=VERTEX_POINT('',#3742);
#2065=VERTEX_POINT('',#3744);
#2066=VERTEX_POINT('',#3746);
#2067=VERTEX_POINT('',#3748);
#2068=VERTEX_POINT('',#3751);
#2069=VERTEX_POINT('',#3754);
#2070=VERTEX_POINT('',#3756);
#2071=VERTEX_POINT('',#3758);
#2072=VERTEX_POINT('',#3762);
#2073=VERTEX_POINT('',#3766);
#2074=VERTEX_POINT('',#3773);
#2075=VERTEX_POINT('',#3775);
#2076=VERTEX_POINT('',#3778);
#2077=VERTEX_POINT('',#3781);
#2078=VERTEX_POINT('',#3785);
#2079=VERTEX_POINT('',#3789);
#2080=VERTEX_POINT('',#3790);
#2081=VERTEX_POINT('',#3792);
#2082=VERTEX_POINT('',#3794);
#2083=VERTEX_POINT('',#3796);
#2084=VERTEX_POINT('',#3798);
#2085=VERTEX_POINT('',#3800);
#2086=VERTEX_POINT('',#3802);
#2087=VERTEX_POINT('',#3805);
#2088=VERTEX_POINT('',#3806);
#2089=VERTEX_POINT('',#3808);
#2090=VERTEX_POINT('',#3812);
#2091=VERTEX_POINT('',#3813);
#2092=VERTEX_POINT('',#3816);
#2093=VERTEX_POINT('',#3818);
#2094=VERTEX_POINT('',#3822);
#2095=VERTEX_POINT('',#3823);
#2096=VERTEX_POINT('',#3825);
#2097=VERTEX_POINT('',#3828);
#2098=VERTEX_POINT('',#3829);
#2099=VERTEX_POINT('',#3831);
#2100=VERTEX_POINT('',#3834);
#2101=VERTEX_POINT('',#3835);
#2102=VERTEX_POINT('',#3838);
#2103=VERTEX_POINT('',#3840);
#2104=VERTEX_POINT('',#3842);
#2105=VERTEX_POINT('',#3844);
#2106=VERTEX_POINT('',#3846);
#2107=VERTEX_POINT('',#3848);
#2108=VERTEX_POINT('',#3850);
#2109=VERTEX_POINT('',#3854);
#2110=VERTEX_POINT('',#3856);
#2111=VERTEX_POINT('',#3858);
#2112=VERTEX_POINT('',#3860);
#2113=VERTEX_POINT('',#3863);
#2114=VERTEX_POINT('',#3864);
#2115=VERTEX_POINT('',#3866);
#2116=VERTEX_POINT('',#3873);
#2117=VERTEX_POINT('',#3875);
#2118=VERTEX_POINT('',#3879);
#2119=VERTEX_POINT('',#3885);
#2120=VERTEX_POINT('',#3887);
#2121=VERTEX_POINT('',#3891);
#2122=VERTEX_POINT('',#3923);
#2123=VERTEX_POINT('',#3925);
#2124=VERTEX_POINT('',#3927);
#2125=VERTEX_POINT('',#3931);
#2126=VERTEX_POINT('',#3933);
#2127=VERTEX_POINT('',#3935);
#2128=VERTEX_POINT('',#3942);
#2129=VERTEX_POINT('',#3945);
#2130=VERTEX_POINT('',#3951);
#2131=VERTEX_POINT('',#3952);
#2132=VERTEX_POINT('',#3954);
#2133=VERTEX_POINT('',#3956);
#2134=VERTEX_POINT('',#3958);
#2135=VERTEX_POINT('',#3960);
#2136=VERTEX_POINT('',#3963);
#2137=VERTEX_POINT('',#3965);
#2138=VERTEX_POINT('',#3966);
#2139=VERTEX_POINT('',#3968);
#2140=VERTEX_POINT('',#3970);
#2141=VERTEX_POINT('',#3973);
#2142=VERTEX_POINT('',#3974);
#2143=VERTEX_POINT('',#3976);
#2144=VERTEX_POINT('',#3978);
#2145=VERTEX_POINT('',#3981);
#2146=VERTEX_POINT('',#3982);
#2147=VERTEX_POINT('',#3984);
#2148=VERTEX_POINT('',#3986);
#2149=VERTEX_POINT('',#3989);
#2150=VERTEX_POINT('',#3990);
#2151=VERTEX_POINT('',#3992);
#2152=VERTEX_POINT('',#3994);
#2153=VERTEX_POINT('',#3998);
#2154=VERTEX_POINT('',#3999);
#2155=VERTEX_POINT('',#4004);
#2156=VERTEX_POINT('',#4006);
#2157=VERTEX_POINT('',#4013);
#2158=VERTEX_POINT('',#4014);
#2159=VERTEX_POINT('',#4019);
#2160=VERTEX_POINT('',#4021);
#2161=VERTEX_POINT('',#4028);
#2162=VERTEX_POINT('',#4029);
#2163=VERTEX_POINT('',#4031);
#2164=VERTEX_POINT('',#4033);
#2165=VERTEX_POINT('',#4036);
#2166=VERTEX_POINT('',#4037);
#2167=VERTEX_POINT('',#4039);
#2168=VERTEX_POINT('',#4041);
#2169=VERTEX_POINT('',#4044);
#2170=VERTEX_POINT('',#4045);
#2171=VERTEX_POINT('',#4047);
#2172=VERTEX_POINT('',#4049);
#2173=VERTEX_POINT('',#4052);
#2174=VERTEX_POINT('',#4053);
#2175=VERTEX_POINT('',#4055);
#2176=VERTEX_POINT('',#4057);
#2177=VERTEX_POINT('',#4060);
#2178=VERTEX_POINT('',#4061);
#2179=VERTEX_POINT('',#4063);
#2180=VERTEX_POINT('',#4065);
#2181=VERTEX_POINT('',#4067);
#2182=VERTEX_POINT('',#4069);
#2183=VERTEX_POINT('',#4072);
#2184=VERTEX_POINT('',#4073);
#2185=VERTEX_POINT('',#4075);
#2186=VERTEX_POINT('',#4077);
#2187=VERTEX_POINT('',#4079);
#2188=VERTEX_POINT('',#4081);
#2189=VERTEX_POINT('',#4083);
#2190=VERTEX_POINT('',#4085);
#2191=VERTEX_POINT('',#4089);
#2192=VERTEX_POINT('',#4092);
#2193=VERTEX_POINT('',#4093);
#2194=VERTEX_POINT('',#4095);
#2195=VERTEX_POINT('',#4097);
#2196=VERTEX_POINT('',#4099);
#2197=VERTEX_POINT('',#4101);
#2198=VERTEX_POINT('',#4103);
#2199=VERTEX_POINT('',#4105);
#2200=VERTEX_POINT('',#4134);
#2201=VERTEX_POINT('',#4136);
#2202=VERTEX_POINT('',#4147);
#2203=VERTEX_POINT('',#4149);
#2204=VERTEX_POINT('',#4167);
#2205=VERTEX_POINT('',#4169);
#2206=VERTEX_POINT('',#4173);
#2207=VERTEX_POINT('',#4177);
#2208=VERTEX_POINT('',#4184);
#2209=VERTEX_POINT('',#4186);
#2210=VERTEX_POINT('',#4190);
#2211=VERTEX_POINT('',#4194);
#2212=VERTEX_POINT('',#4201);
#2213=VERTEX_POINT('',#4203);
#2214=VERTEX_POINT('',#4207);
#2215=VERTEX_POINT('',#4211);
#2216=VERTEX_POINT('',#4218);
#2217=VERTEX_POINT('',#4220);
#2218=VERTEX_POINT('',#4224);
#2219=VERTEX_POINT('',#4228);
#2220=VERTEX_POINT('',#4235);
#2221=VERTEX_POINT('',#4237);
#2222=VERTEX_POINT('',#4241);
#2223=VERTEX_POINT('',#4245);
#2224=VERTEX_POINT('',#4252);
#2225=VERTEX_POINT('',#4254);
#2226=VERTEX_POINT('',#4258);
#2227=VERTEX_POINT('',#4262);
#2228=VERTEX_POINT('',#4269);
#2229=VERTEX_POINT('',#4271);
#2230=VERTEX_POINT('',#4275);
#2231=VERTEX_POINT('',#4279);
#2232=VERTEX_POINT('',#4286);
#2233=VERTEX_POINT('',#4288);
#2234=VERTEX_POINT('',#4292);
#2235=VERTEX_POINT('',#4296);
#2236=EDGE_CURVE('',#2005,#2005,#2579,.T.);
#2237=EDGE_CURVE('',#2006,#2006,#2580,.T.);
#2238=EDGE_CURVE('',#2007,#2007,#2581,.T.);
#2239=EDGE_CURVE('',#2008,#2009,#2582,.T.);
#2240=EDGE_CURVE('',#2010,#2008,#2583,.T.);
#2241=EDGE_CURVE('',#2011,#2010,#2584,.T.);
#2242=EDGE_CURVE('',#2011,#2012,#260,.T.);
#2243=EDGE_CURVE('',#2012,#2013,#261,.T.);
#2244=EDGE_CURVE('',#2013,#2009,#262,.T.);
#2245=EDGE_CURVE('',#2009,#2014,#2585,.T.);
#2246=EDGE_CURVE('',#2009,#2015,#263,.T.);
#2247=EDGE_CURVE('',#2015,#2014,#264,.T.);
#2248=EDGE_CURVE('',#2016,#2017,#265,.T.);
#2249=EDGE_CURVE('',#2016,#2018,#266,.T.);
#2250=EDGE_CURVE('',#2018,#2019,#267,.T.);
#2251=EDGE_CURVE('',#2017,#2019,#268,.T.);
#2252=EDGE_CURVE('',#2020,#2021,#269,.T.);
#2253=EDGE_CURVE('',#2013,#2020,#270,.T.);
#2254=EDGE_CURVE('',#2012,#2021,#271,.T.);
#2255=EDGE_CURVE('',#2015,#2022,#272,.T.);
#2256=EDGE_CURVE('',#2022,#2023,#273,.T.);
#2257=EDGE_CURVE('',#2024,#2023,#274,.T.);
#2258=EDGE_CURVE('',#2014,#2024,#275,.T.);
#2259=EDGE_CURVE('',#2019,#2025,#276,.T.);
#2260=EDGE_CURVE('',#2026,#2025,#277,.T.);
#2261=EDGE_CURVE('',#2026,#2027,#278,.T.);
#2262=EDGE_CURVE('',#2027,#2028,#279,.T.);
#2263=EDGE_CURVE('',#2021,#2028,#280,.T.);
#2264=EDGE_CURVE('',#2024,#2011,#281,.T.);
#2265=EDGE_CURVE('',#2023,#2029,#282,.T.);
#2266=EDGE_CURVE('',#2030,#2029,#283,.T.);
#2267=EDGE_CURVE('',#2017,#2030,#284,.T.);
#2268=EDGE_CURVE('',#2031,#2032,#285,.T.);
#2269=EDGE_CURVE('',#2031,#2026,#286,.T.);
#2270=EDGE_CURVE('',#2025,#2032,#287,.T.);
#2271=EDGE_CURVE('',#2032,#2018,#288,.T.);
#2272=EDGE_CURVE('',#2033,#2016,#289,.T.);
#2273=EDGE_CURVE('',#2033,#2034,#290,.T.);
#2274=EDGE_CURVE('',#2034,#2022,#291,.T.);
#2275=EDGE_CURVE('',#2035,#2020,#292,.T.);
#2276=EDGE_CURVE('',#2036,#2035,#293,.T.);
#2277=EDGE_CURVE('',#2036,#2031,#294,.T.);
#2278=EDGE_CURVE('',#2014,#2011,#2586,.T.);
#2279=EDGE_CURVE('',#2028,#2037,#295,.T.);
#2280=EDGE_CURVE('',#2027,#2038,#296,.T.);
#2281=EDGE_CURVE('',#2038,#2037,#297,.T.);
#2282=EDGE_CURVE('',#2037,#2039,#298,.T.);
#2283=EDGE_CURVE('',#2038,#2040,#299,.T.);
#2284=EDGE_CURVE('',#2040,#2039,#300,.T.);
#2285=EDGE_CURVE('',#2039,#2041,#2587,.T.);
#2286=EDGE_CURVE('',#2040,#2042,#2588,.T.);
#2287=EDGE_CURVE('',#2042,#2041,#301,.T.);
#2288=EDGE_CURVE('',#2041,#2043,#302,.T.);
#2289=EDGE_CURVE('',#2042,#2044,#303,.T.);
#2290=EDGE_CURVE('',#2044,#2043,#304,.T.);
#2291=EDGE_CURVE('',#2043,#2035,#305,.T.);
#2292=EDGE_CURVE('',#2044,#2036,#306,.T.);
#2293=EDGE_CURVE('',#2029,#2045,#307,.T.);
#2294=EDGE_CURVE('',#2046,#2045,#308,.T.);
#2295=EDGE_CURVE('',#2030,#2046,#309,.T.);
#2296=EDGE_CURVE('',#2045,#2047,#310,.T.);
#2297=EDGE_CURVE('',#2048,#2047,#311,.T.);
#2298=EDGE_CURVE('',#2046,#2048,#312,.T.);
#2299=EDGE_CURVE('',#2047,#2049,#2589,.T.);
#2300=EDGE_CURVE('',#2050,#2049,#313,.T.);
#2301=EDGE_CURVE('',#2048,#2050,#2590,.T.);
#2302=EDGE_CURVE('',#2049,#2051,#314,.T.);
#2303=EDGE_CURVE('',#2052,#2051,#315,.T.);
#2304=EDGE_CURVE('',#2050,#2052,#316,.T.);
#2305=EDGE_CURVE('',#2051,#2034,#317,.T.);
#2306=EDGE_CURVE('',#2052,#2033,#318,.T.);
#2307=EDGE_CURVE('',#2053,#2010,#319,.T.);
#2308=EDGE_CURVE('',#2054,#2053,#2591,.T.);
#2309=EDGE_CURVE('',#2008,#2054,#320,.T.);
#2310=EDGE_CURVE('',#2053,#2054,#2592,.T.);
#2311=EDGE_CURVE('',#2055,#2055,#2593,.T.);
#2312=EDGE_CURVE('',#2056,#2057,#321,.T.);
#2313=EDGE_CURVE('',#2058,#2057,#322,.T.);
#2314=EDGE_CURVE('',#2059,#2058,#323,.T.);
#2315=EDGE_CURVE('',#2059,#2056,#324,.T.);
#2316=EDGE_CURVE('',#2057,#2060,#2594,.T.);
#2317=EDGE_CURVE('',#2061,#2060,#325,.T.);
#2318=EDGE_CURVE('',#2058,#2061,#2595,.T.);
#2319=EDGE_CURVE('',#2060,#2062,#326,.T.);
#2320=EDGE_CURVE('',#2063,#2062,#327,.T.);
#2321=EDGE_CURVE('',#2061,#2063,#328,.T.);
#2322=EDGE_CURVE('',#2063,#2059,#2596,.T.);
#2323=EDGE_CURVE('',#2064,#2056,#2597,.T.);
#2324=EDGE_CURVE('',#2064,#2065,#329,.T.);
#2325=EDGE_CURVE('',#2065,#2066,#2598,.T.);
#2326=EDGE_CURVE('',#2066,#2067,#330,.T.);
#2327=EDGE_CURVE('',#2062,#2067,#2599,.T.);
#2328=EDGE_CURVE('',#2068,#2068,#2600,.T.);
#2329=EDGE_CURVE('',#2069,#2069,#2601,.T.);
#2330=EDGE_CURVE('',#2070,#2067,#331,.T.);
#2331=EDGE_CURVE('',#2070,#2071,#2602,.T.);
#2332=EDGE_CURVE('',#2071,#2064,#332,.T.);
#2333=EDGE_CURVE('',#2071,#2072,#333,.T.);
#2334=EDGE_CURVE('',#2072,#2065,#334,.T.);
#2335=EDGE_CURVE('',#2072,#2073,#2603,.T.);
#2336=EDGE_CURVE('',#2073,#2066,#335,.T.);
#2337=EDGE_CURVE('',#2073,#2070,#336,.T.);
#2338=EDGE_CURVE('',#2074,#2074,#2604,.T.);
#2339=EDGE_CURVE('',#2075,#2075,#2605,.T.);
#2340=EDGE_CURVE('',#2076,#2076,#2606,.T.);
#2341=EDGE_CURVE('',#2077,#2077,#2607,.T.);
#2342=EDGE_CURVE('',#2078,#2078,#2608,.T.);
#2343=EDGE_CURVE('',#2079,#2080,#337,.T.);
#2344=EDGE_CURVE('',#2080,#2081,#2609,.T.);
#2345=EDGE_CURVE('',#2082,#2081,#338,.T.);
#2346=EDGE_CURVE('',#2083,#2082,#339,.T.);
#2347=EDGE_CURVE('',#2083,#2084,#340,.T.);
#2348=EDGE_CURVE('',#2085,#2084,#341,.T.);
#2349=EDGE_CURVE('',#2086,#2085,#342,.T.);
#2350=EDGE_CURVE('',#2079,#2086,#343,.T.);
#2351=EDGE_CURVE('',#2087,#2088,#344,.T.);
#2352=EDGE_CURVE('',#2088,#2089,#345,.T.);
#2353=EDGE_CURVE('',#2089,#2087,#2610,.T.);
#2354=EDGE_CURVE('',#2090,#2091,#346,.T.);
#2355=EDGE_CURVE('',#2091,#2080,#347,.T.);
#2356=EDGE_CURVE('',#2092,#2079,#348,.T.);
#2357=EDGE_CURVE('',#2093,#2092,#349,.T.);
#2358=EDGE_CURVE('',#2090,#2093,#350,.T.);
#2359=EDGE_CURVE('',#2094,#2095,#2611,.T.);
#2360=EDGE_CURVE('',#2096,#2094,#351,.T.);
#2361=EDGE_CURVE('',#2095,#2096,#352,.T.);
#2362=EDGE_CURVE('',#2097,#2098,#2612,.T.);
#2363=EDGE_CURVE('',#2099,#2097,#353,.T.);
#2364=EDGE_CURVE('',#2098,#2099,#354,.T.);
#2365=EDGE_CURVE('',#2100,#2101,#355,.T.);
#2366=EDGE_CURVE('',#2101,#2091,#2613,.T.);
#2367=EDGE_CURVE('',#2090,#2102,#356,.T.);
#2368=EDGE_CURVE('',#2103,#2102,#357,.T.);
#2369=EDGE_CURVE('',#2103,#2104,#358,.T.);
#2370=EDGE_CURVE('',#2105,#2104,#359,.T.);
#2371=EDGE_CURVE('',#2105,#2106,#360,.T.);
#2372=EDGE_CURVE('',#2107,#2106,#361,.T.);
#2373=EDGE_CURVE('',#2107,#2108,#362,.T.);
#2374=EDGE_CURVE('',#2100,#2108,#363,.T.);
#2375=EDGE_CURVE('',#2086,#2109,#364,.T.);
#2376=EDGE_CURVE('',#2110,#2086,#365,.T.);
#2377=EDGE_CURVE('',#2110,#2111,#366,.T.);
#2378=EDGE_CURVE('',#2112,#2111,#367,.T.);
#2379=EDGE_CURVE('',#2109,#2112,#368,.T.);
#2380=EDGE_CURVE('',#2113,#2114,#369,.T.);
#2381=EDGE_CURVE('',#2114,#2115,#370,.T.);
#2382=EDGE_CURVE('',#2115,#2113,#2614,.T.);
#2383=EDGE_CURVE('',#2105,#2086,#371,.T.);
#2384=EDGE_CURVE('',#2106,#2085,#372,.T.);
#2385=EDGE_CURVE('',#2116,#2095,#373,.T.);
#2386=EDGE_CURVE('',#2116,#2117,#2615,.T.);
#2387=EDGE_CURVE('',#2117,#2094,#374,.T.);
#2388=EDGE_CURVE('',#2118,#2096,#375,.T.);
#2389=EDGE_CURVE('',#2118,#2116,#376,.T.);
#2390=EDGE_CURVE('',#2117,#2118,#377,.T.);
#2391=EDGE_CURVE('',#2119,#2098,#378,.T.);
#2392=EDGE_CURVE('',#2119,#2120,#2616,.T.);
#2393=EDGE_CURVE('',#2120,#2097,#379,.T.);
#2394=EDGE_CURVE('',#2121,#2099,#380,.T.);
#2395=EDGE_CURVE('',#2121,#2119,#381,.T.);
#2396=EDGE_CURVE('',#2120,#2121,#382,.T.);
#2397=EDGE_CURVE('',#2102,#2112,#383,.T.);
#2398=EDGE_CURVE('',#2111,#2103,#384,.T.);
#2399=EDGE_CURVE('',#2104,#2110,#385,.T.);
#2400=EDGE_CURVE('',#2084,#2107,#386,.T.);
#2401=EDGE_CURVE('',#2082,#2100,#387,.T.);
#2402=EDGE_CURVE('',#2108,#2083,#388,.T.);
#2403=EDGE_CURVE('',#2088,#2118,#97,.T.);
#2404=EDGE_CURVE('',#2116,#2087,#2617,.T.);
#2405=EDGE_CURVE('',#2117,#2089,#2618,.T.);
#2406=EDGE_CURVE('',#2114,#2121,#98,.T.);
#2407=EDGE_CURVE('',#2119,#2113,#2619,.T.);
#2408=EDGE_CURVE('',#2120,#2115,#2620,.T.);
#2409=EDGE_CURVE('',#2081,#2101,#389,.T.);
#2410=EDGE_CURVE('',#2122,#2122,#2621,.T.);
#2411=EDGE_CURVE('',#2123,#2123,#2622,.T.);
#2412=EDGE_CURVE('',#2124,#2093,#390,.T.);
#2413=EDGE_CURVE('',#2124,#2109,#391,.T.);
#2414=EDGE_CURVE('',#2125,#2125,#2623,.T.);
#2415=EDGE_CURVE('',#2126,#2126,#2624,.T.);
#2416=EDGE_CURVE('',#2127,#2086,#392,.T.);
#2417=EDGE_CURVE('',#2092,#2127,#393,.T.);
#2418=EDGE_CURVE('',#2127,#2124,#394,.T.);
#2419=EDGE_CURVE('',#2128,#2128,#2625,.T.);
#2420=EDGE_CURVE('',#2129,#2129,#2626,.T.);
#2421=EDGE_CURVE('',#2130,#2131,#2627,.T.);
#2422=EDGE_CURVE('',#2130,#2132,#395,.T.);
#2423=EDGE_CURVE('',#2133,#2132,#396,.T.);
#2424=EDGE_CURVE('',#2134,#2133,#2628,.T.);
#2425=EDGE_CURVE('',#2135,#2134,#397,.T.);
#2426=EDGE_CURVE('',#2135,#2131,#398,.T.);
#2427=EDGE_CURVE('',#2136,#2136,#2629,.T.);
#2428=EDGE_CURVE('',#2137,#2138,#399,.T.);
#2429=EDGE_CURVE('',#2138,#2139,#400,.T.);
#2430=EDGE_CURVE('',#2139,#2140,#401,.T.);
#2431=EDGE_CURVE('',#2140,#2137,#402,.T.);
#2432=EDGE_CURVE('',#2141,#2142,#403,.T.);
#2433=EDGE_CURVE('',#2142,#2143,#404,.T.);
#2434=EDGE_CURVE('',#2143,#2144,#405,.T.);
#2435=EDGE_CURVE('',#2144,#2141,#406,.T.);
#2436=EDGE_CURVE('',#2145,#2146,#407,.T.);
#2437=EDGE_CURVE('',#2146,#2147,#408,.T.);
#2438=EDGE_CURVE('',#2147,#2148,#409,.T.);
#2439=EDGE_CURVE('',#2148,#2145,#410,.T.);
#2440=EDGE_CURVE('',#2149,#2150,#411,.T.);
#2441=EDGE_CURVE('',#2150,#2151,#412,.T.);
#2442=EDGE_CURVE('',#2151,#2152,#413,.T.);
#2443=EDGE_CURVE('',#2152,#2149,#414,.T.);
#2444=EDGE_CURVE('',#2153,#2154,#415,.T.);
#2445=EDGE_CURVE('',#2154,#2155,#85,.T.);
#2446=EDGE_CURVE('',#2156,#2155,#416,.T.);
#2447=EDGE_CURVE('',#2156,#2153,#86,.T.);
#2448=EDGE_CURVE('',#2157,#2158,#417,.T.);
#2449=EDGE_CURVE('',#2157,#2159,#87,.T.);
#2450=EDGE_CURVE('',#2159,#2160,#418,.T.);
#2451=EDGE_CURVE('',#2160,#2158,#88,.T.);
#2452=EDGE_CURVE('',#2161,#2162,#419,.T.);
#2453=EDGE_CURVE('',#2163,#2161,#420,.T.);
#2454=EDGE_CURVE('',#2164,#2163,#421,.T.);
#2455=EDGE_CURVE('',#2162,#2164,#422,.T.);
#2456=EDGE_CURVE('',#2165,#2166,#423,.T.);
#2457=EDGE_CURVE('',#2167,#2165,#424,.T.);
#2458=EDGE_CURVE('',#2168,#2167,#425,.T.);
#2459=EDGE_CURVE('',#2166,#2168,#426,.T.);
#2460=EDGE_CURVE('',#2169,#2170,#427,.T.);
#2461=EDGE_CURVE('',#2171,#2169,#428,.T.);
#2462=EDGE_CURVE('',#2172,#2171,#429,.T.);
#2463=EDGE_CURVE('',#2170,#2172,#430,.T.);
#2464=EDGE_CURVE('',#2173,#2174,#431,.T.);
#2465=EDGE_CURVE('',#2175,#2173,#432,.T.);
#2466=EDGE_CURVE('',#2176,#2175,#433,.T.);
#2467=EDGE_CURVE('',#2174,#2176,#434,.T.);
#2468=EDGE_CURVE('',#2177,#2178,#435,.T.);
#2469=EDGE_CURVE('',#2177,#2179,#436,.T.);
#2470=EDGE_CURVE('',#2179,#2180,#2630,.T.);
#2471=EDGE_CURVE('',#2180,#2181,#437,.T.);
#2472=EDGE_CURVE('',#2182,#2181,#438,.T.);
#2473=EDGE_CURVE('',#2178,#2182,#2631,.T.);
#2474=EDGE_CURVE('',#2183,#2184,#2632,.T.);
#2475=EDGE_CURVE('',#2185,#2183,#439,.T.);
#2476=EDGE_CURVE('',#2186,#2185,#2633,.T.);
#2477=EDGE_CURVE('',#2187,#2186,#440,.T.);
#2478=EDGE_CURVE('',#2188,#2187,#2634,.T.);
#2479=EDGE_CURVE('',#2189,#2188,#441,.T.);
#2480=EDGE_CURVE('',#2190,#2189,#2635,.T.);
#2481=EDGE_CURVE('',#2184,#2190,#442,.T.);
#2482=EDGE_CURVE('',#2191,#2191,#2636,.T.);
#2483=EDGE_CURVE('',#2192,#2193,#2637,.T.);
#2484=EDGE_CURVE('',#2194,#2192,#443,.T.);
#2485=EDGE_CURVE('',#2195,#2194,#2638,.T.);
#2486=EDGE_CURVE('',#2196,#2195,#444,.T.);
#2487=EDGE_CURVE('',#2197,#2196,#2639,.T.);
#2488=EDGE_CURVE('',#2198,#2197,#445,.T.);
#2489=EDGE_CURVE('',#2199,#2198,#2640,.T.);
#2490=EDGE_CURVE('',#2193,#2199,#446,.T.);
#2491=EDGE_CURVE('',#2184,#2192,#447,.T.);
#2492=EDGE_CURVE('',#2183,#2193,#448,.T.);
#2493=EDGE_CURVE('',#2190,#2194,#449,.T.);
#2494=EDGE_CURVE('',#2189,#2195,#450,.T.);
#2495=EDGE_CURVE('',#2188,#2196,#451,.T.);
#2496=EDGE_CURVE('',#2187,#2197,#452,.T.);
#2497=EDGE_CURVE('',#2186,#2198,#453,.T.);
#2498=EDGE_CURVE('',#2185,#2199,#454,.T.);
#2499=EDGE_CURVE('',#2132,#2154,#99,.T.);
#2500=EDGE_CURVE('',#2153,#2177,#100,.T.);
#2501=EDGE_CURVE('',#2178,#2133,#455,.T.);
#2502=EDGE_CURVE('',#2181,#2157,#101,.T.);
#2503=EDGE_CURVE('',#2158,#2135,#102,.T.);
#2504=EDGE_CURVE('',#2182,#2134,#456,.T.);
#2505=EDGE_CURVE('',#2155,#2200,#457,.T.);
#2506=EDGE_CURVE('',#2201,#2200,#458,.T.);
#2507=EDGE_CURVE('',#2201,#2156,#459,.T.);
#2508=EDGE_CURVE('',#2200,#2130,#89,.T.);
#2509=EDGE_CURVE('',#2131,#2202,#90,.T.);
#2510=EDGE_CURVE('',#2203,#2202,#460,.T.);
#2511=EDGE_CURVE('',#2203,#2180,#91,.T.);
#2512=EDGE_CURVE('',#2179,#2201,#92,.T.);
#2513=EDGE_CURVE('',#2159,#2203,#461,.T.);
#2514=EDGE_CURVE('',#2202,#2160,#462,.T.);
#2515=EDGE_CURVE('',#2174,#2204,#463,.T.);
#2516=EDGE_CURVE('',#2204,#2205,#464,.T.);
#2517=EDGE_CURVE('',#2173,#2205,#465,.T.);
#2518=EDGE_CURVE('',#2176,#2206,#466,.T.);
#2519=EDGE_CURVE('',#2206,#2204,#467,.T.);
#2520=EDGE_CURVE('',#2175,#2207,#468,.T.);
#2521=EDGE_CURVE('',#2207,#2206,#469,.T.);
#2522=EDGE_CURVE('',#2205,#2207,#470,.T.);
#2523=EDGE_CURVE('',#2170,#2208,#471,.T.);
#2524=EDGE_CURVE('',#2208,#2209,#472,.T.);
#2525=EDGE_CURVE('',#2169,#2209,#473,.T.);
#2526=EDGE_CURVE('',#2172,#2210,#474,.T.);
#2527=EDGE_CURVE('',#2210,#2208,#475,.T.);
#2528=EDGE_CURVE('',#2171,#2211,#476,.T.);
#2529=EDGE_CURVE('',#2211,#2210,#477,.T.);
#2530=EDGE_CURVE('',#2209,#2211,#478,.T.);
#2531=EDGE_CURVE('',#2166,#2212,#479,.T.);
#2532=EDGE_CURVE('',#2212,#2213,#480,.T.);
#2533=EDGE_CURVE('',#2165,#2213,#481,.T.);
#2534=EDGE_CURVE('',#2168,#2214,#482,.T.);
#2535=EDGE_CURVE('',#2214,#2212,#483,.T.);
#2536=EDGE_CURVE('',#2167,#2215,#484,.T.);
#2537=EDGE_CURVE('',#2215,#2214,#485,.T.);
#2538=EDGE_CURVE('',#2213,#2215,#486,.T.);
#2539=EDGE_CURVE('',#2162,#2216,#487,.T.);
#2540=EDGE_CURVE('',#2216,#2217,#488,.T.);
#2541=EDGE_CURVE('',#2161,#2217,#489,.T.);
#2542=EDGE_CURVE('',#2164,#2218,#490,.T.);
#2543=EDGE_CURVE('',#2218,#2216,#491,.T.);
#2544=EDGE_CURVE('',#2163,#2219,#492,.T.);
#2545=EDGE_CURVE('',#2219,#2218,#493,.T.);
#2546=EDGE_CURVE('',#2217,#2219,#494,.T.);
#2547=EDGE_CURVE('',#2138,#2220,#495,.T.);
#2548=EDGE_CURVE('',#2221,#2220,#496,.T.);
#2549=EDGE_CURVE('',#2139,#2221,#497,.T.);
#2550=EDGE_CURVE('',#2222,#2221,#498,.T.);
#2551=EDGE_CURVE('',#2140,#2222,#499,.T.);
#2552=EDGE_CURVE('',#2223,#2222,#500,.T.);
#2553=EDGE_CURVE('',#2137,#2223,#501,.T.);
#2554=EDGE_CURVE('',#2220,#2223,#502,.T.);
#2555=EDGE_CURVE('',#2142,#2224,#503,.T.);
#2556=EDGE_CURVE('',#2225,#2224,#504,.T.);
#2557=EDGE_CURVE('',#2143,#2225,#505,.T.);
#2558=EDGE_CURVE('',#2226,#2225,#506,.T.);
#2559=EDGE_CURVE('',#2144,#2226,#507,.T.);
#2560=EDGE_CURVE('',#2227,#2226,#508,.T.);
#2561=EDGE_CURVE('',#2141,#2227,#509,.T.);
#2562=EDGE_CURVE('',#2224,#2227,#510,.T.);
#2563=EDGE_CURVE('',#2146,#2228,#511,.T.);
#2564=EDGE_CURVE('',#2229,#2228,#512,.T.);
#2565=EDGE_CURVE('',#2147,#2229,#513,.T.);
#2566=EDGE_CURVE('',#2230,#2229,#514,.T.);
#2567=EDGE_CURVE('',#2148,#2230,#515,.T.);
#2568=EDGE_CURVE('',#2231,#2230,#516,.T.);
#2569=EDGE_CURVE('',#2145,#2231,#517,.T.);
#2570=EDGE_CURVE('',#2228,#2231,#518,.T.);
#2571=EDGE_CURVE('',#2150,#2232,#519,.T.);
#2572=EDGE_CURVE('',#2233,#2232,#520,.T.);
#2573=EDGE_CURVE('',#2151,#2233,#521,.T.);
#2574=EDGE_CURVE('',#2234,#2233,#522,.T.);
#2575=EDGE_CURVE('',#2152,#2234,#523,.T.);
#2576=EDGE_CURVE('',#2235,#2234,#524,.T.);
#2577=EDGE_CURVE('',#2149,#2235,#525,.T.);
#2578=EDGE_CURVE('',#2232,#2235,#526,.T.);
#2579=CIRCLE('',#2642,2.5);
#2580=CIRCLE('',#2643,2.5);
#2581=CIRCLE('',#2645,0.75);
#2582=CIRCLE('',#2647,6.);
#2583=CIRCLE('',#2648,2.5);
#2584=CIRCLE('',#2649,6.);
#2585=CIRCLE('',#2651,6.);
#2586=CIRCLE('',#2659,6.);
#2587=CIRCLE('',#2664,1.);
#2588=CIRCLE('',#2665,1.);
#2589=CIRCLE('',#2673,1.);
#2590=CIRCLE('',#2674,1.);
#2591=CIRCLE('',#2680,6.);
#2592=CIRCLE('',#2682,2.5);
#2593=CIRCLE('',#2685,0.75);
#2594=CIRCLE('',#2689,2.);
#2595=CIRCLE('',#2690,2.);
#2596=CIRCLE('',#2693,3.5);
#2597=CIRCLE('',#2695,3.5);
#2598=CIRCLE('',#2696,2.);
#2599=CIRCLE('',#2697,3.5);
#2600=CIRCLE('',#2698,2.5);
#2601=CIRCLE('',#2700,3.5);
#2602=CIRCLE('',#2701,3.5);
#2603=CIRCLE('',#2704,2.);
#2604=CIRCLE('',#2708,1.5);
#2605=CIRCLE('',#2709,1.5);
#2606=CIRCLE('',#2711,2.5);
#2607=CIRCLE('',#2713,2.5);
#2608=CIRCLE('',#2716,2.5);
#2609=CIRCLE('',#2719,6.);
#2610=CIRCLE('',#2720,1.1);
#2611=CIRCLE('',#2723,0.699999999999999);
#2612=CIRCLE('',#2724,0.699999999999999);
#2613=CIRCLE('',#2725,6.);
#2614=CIRCLE('',#2727,1.1);
#2615=CIRCLE('',#2730,0.699999999999999);
#2616=CIRCLE('',#2734,0.699999999999999);
#2617=CIRCLE('',#2743,0.4);
#2618=CIRCLE('',#2745,0.4);
#2619=CIRCLE('',#2749,0.4);
#2620=CIRCLE('',#2751,0.4);
#2621=CIRCLE('',#2757,1.5);
#2622=CIRCLE('',#2758,1.5);
#2623=CIRCLE('',#2760,2.50000000000001);
#2624=CIRCLE('',#2761,2.50000000000001);
#2625=CIRCLE('',#2765,1.5);
#2626=CIRCLE('',#2767,1.5);
#2627=CIRCLE('',#2772,5.23142101551781);
#2628=CIRCLE('',#2773,4.1427514580194);
#2629=CIRCLE('',#2774,3.85);
#2630=CIRCLE('',#2778,5.23142101551781);
#2631=CIRCLE('',#2779,4.1427514580194);
#2632=CIRCLE('',#2780,2.525);
#2633=CIRCLE('',#2781,4.0999999999993);
#2634=CIRCLE('',#2782,2.525);
#2635=CIRCLE('',#2783,4.0999999999993);
#2636=CIRCLE('',#2785,3.85);
#2637=CIRCLE('',#2787,2.525);
#2638=CIRCLE('',#2788,4.0999999999993);
#2639=CIRCLE('',#2789,2.525);
#2640=CIRCLE('',#2790,4.0999999999993);
#2641=AXIS2_PLACEMENT_3D('',#3559,#2858,#2859);
#2642=AXIS2_PLACEMENT_3D('',#3560,#2860,#2861);
#2643=AXIS2_PLACEMENT_3D('',#3562,#2862,#2863);
#2644=AXIS2_PLACEMENT_3D('',#3564,#2864,#2865);
#2645=AXIS2_PLACEMENT_3D('',#3565,#2866,#2867);
#2646=AXIS2_PLACEMENT_3D('',#3567,#2868,#2869);
#2647=AXIS2_PLACEMENT_3D('',#3568,#2870,#2871);
#2648=AXIS2_PLACEMENT_3D('',#3571,#2872,#2873);
#2649=AXIS2_PLACEMENT_3D('',#3573,#2874,#2875);
#2650=AXIS2_PLACEMENT_3D('',#3580,#2879,#2880);
#2651=AXIS2_PLACEMENT_3D('',#3581,#2881,#2882);
#2652=AXIS2_PLACEMENT_3D('',#3586,#2885,#2886);
#2653=AXIS2_PLACEMENT_3D('',#3595,#2891,#2892);
#2654=AXIS2_PLACEMENT_3D('',#3601,#2896,#2897);
#2655=AXIS2_PLACEMENT_3D('',#3609,#2902,#2903);
#2656=AXIS2_PLACEMENT_3D('',#3625,#2913,#2914);
#2657=AXIS2_PLACEMENT_3D('',#3631,#2918,#2919);
#2658=AXIS2_PLACEMENT_3D('',#3643,#2927,#2928);
#2659=AXIS2_PLACEMENT_3D('',#3644,#2929,#2930);
#2660=AXIS2_PLACEMENT_3D('',#3645,#2931,#2932);
#2661=AXIS2_PLACEMENT_3D('',#3646,#2933,#2934);
#2662=AXIS2_PLACEMENT_3D('',#3652,#2938,#2939);
#2663=AXIS2_PLACEMENT_3D('',#3658,#2943,#2944);
#2664=AXIS2_PLACEMENT_3D('',#3659,#2945,#2946);
#2665=AXIS2_PLACEMENT_3D('',#3661,#2947,#2948);
#2666=AXIS2_PLACEMENT_3D('',#3664,#2950,#2951);
#2667=AXIS2_PLACEMENT_3D('',#3670,#2955,#2956);
#2668=AXIS2_PLACEMENT_3D('',#3673,#2959,#2960);
#2669=AXIS2_PLACEMENT_3D('',#3674,#2961,#2962);
#2670=AXIS2_PLACEMENT_3D('',#3675,#2963,#2964);
#2671=AXIS2_PLACEMENT_3D('',#3681,#2968,#2969);
#2672=AXIS2_PLACEMENT_3D('',#3687,#2973,#2974);
#2673=AXIS2_PLACEMENT_3D('',#3688,#2975,#2976);
#2674=AXIS2_PLACEMENT_3D('',#3692,#2978,#2979);
#2675=AXIS2_PLACEMENT_3D('',#3693,#2980,#2981);
#2676=AXIS2_PLACEMENT_3D('',#3699,#2985,#2986);
#2677=AXIS2_PLACEMENT_3D('',#3702,#2989,#2990);
#2678=AXIS2_PLACEMENT_3D('',#3703,#2991,#2992);
#2679=AXIS2_PLACEMENT_3D('',#3704,#2993,#2994);
#2680=AXIS2_PLACEMENT_3D('',#3707,#2996,#2997);
#2681=AXIS2_PLACEMENT_3D('',#3710,#2999,#3000);
#2682=AXIS2_PLACEMENT_3D('',#3711,#3001,#3002);
#2683=AXIS2_PLACEMENT_3D('',#3712,#3003,#3004);
#2684=AXIS2_PLACEMENT_3D('',#3713,#3005,#3006);
#2685=AXIS2_PLACEMENT_3D('',#3714,#3007,#3008);
#2686=AXIS2_PLACEMENT_3D('',#3716,#3009,#3010);
#2687=AXIS2_PLACEMENT_3D('',#3717,#3011,#3012);
#2688=AXIS2_PLACEMENT_3D('',#3726,#3017,#3018);
#2689=AXIS2_PLACEMENT_3D('',#3727,#3019,#3020);
#2690=AXIS2_PLACEMENT_3D('',#3731,#3022,#3023);
#2691=AXIS2_PLACEMENT_3D('',#3732,#3024,#3025);
#2692=AXIS2_PLACEMENT_3D('',#3738,#3029,#3030);
#2693=AXIS2_PLACEMENT_3D('',#3739,#3031,#3032);
#2694=AXIS2_PLACEMENT_3D('',#3740,#3033,#3034);
#2695=AXIS2_PLACEMENT_3D('',#3741,#3035,#3036);
#2696=AXIS2_PLACEMENT_3D('',#3745,#3038,#3039);
#2697=AXIS2_PLACEMENT_3D('',#3749,#3041,#3042);
#2698=AXIS2_PLACEMENT_3D('',#3750,#3043,#3044);
#2699=AXIS2_PLACEMENT_3D('',#3752,#3045,#3046);
#2700=AXIS2_PLACEMENT_3D('',#3753,#3047,#3048);
#2701=AXIS2_PLACEMENT_3D('',#3757,#3050,#3051);
#2702=AXIS2_PLACEMENT_3D('',#3760,#3053,#3054);
#2703=AXIS2_PLACEMENT_3D('',#3764,#3057,#3058);
#2704=AXIS2_PLACEMENT_3D('',#3765,#3059,#3060);
#2705=AXIS2_PLACEMENT_3D('',#3768,#3062,#3063);
#2706=AXIS2_PLACEMENT_3D('',#3770,#3065,#3066);
#2707=AXIS2_PLACEMENT_3D('',#3771,#3067,#3068);
#2708=AXIS2_PLACEMENT_3D('',#3772,#3069,#3070);
#2709=AXIS2_PLACEMENT_3D('',#3774,#3071,#3072);
#2710=AXIS2_PLACEMENT_3D('',#3776,#3073,#3074);
#2711=AXIS2_PLACEMENT_3D('',#3777,#3075,#3076);
#2712=AXIS2_PLACEMENT_3D('',#3779,#3077,#3078);
#2713=AXIS2_PLACEMENT_3D('',#3780,#3079,#3080);
#2714=AXIS2_PLACEMENT_3D('',#3782,#3081,#3082);
#2715=AXIS2_PLACEMENT_3D('',#3783,#3083,#3084);
#2716=AXIS2_PLACEMENT_3D('',#3784,#3085,#3086);
#2717=AXIS2_PLACEMENT_3D('',#3786,#3087,#3088);
#2718=AXIS2_PLACEMENT_3D('',#3787,#3089,#3090);
#2719=AXIS2_PLACEMENT_3D('',#3791,#3092,#3093);
#2720=AXIS2_PLACEMENT_3D('',#3809,#3102,#3103);
#2721=AXIS2_PLACEMENT_3D('',#3810,#3104,#3105);
#2722=AXIS2_PLACEMENT_3D('',#3820,#3111,#3112);
#2723=AXIS2_PLACEMENT_3D('',#3821,#3113,#3114);
#2724=AXIS2_PLACEMENT_3D('',#3827,#3117,#3118);
#2725=AXIS2_PLACEMENT_3D('',#3836,#3122,#3123);
#2726=AXIS2_PLACEMENT_3D('',#3852,#3132,#3133);
#2727=AXIS2_PLACEMENT_3D('',#3867,#3141,#3142);
#2728=AXIS2_PLACEMENT_3D('',#3868,#3143,#3144);
#2729=AXIS2_PLACEMENT_3D('',#3871,#3147,#3148);
#2730=AXIS2_PLACEMENT_3D('',#3874,#3150,#3151);
#2731=AXIS2_PLACEMENT_3D('',#3877,#3153,#3154);
#2732=AXIS2_PLACEMENT_3D('',#3881,#3157,#3158);
#2733=AXIS2_PLACEMENT_3D('',#3883,#3160,#3161);
#2734=AXIS2_PLACEMENT_3D('',#3886,#3163,#3164);
#2735=AXIS2_PLACEMENT_3D('',#3889,#3166,#3167);
#2736=AXIS2_PLACEMENT_3D('',#3893,#3170,#3171);
#2737=AXIS2_PLACEMENT_3D('',#3895,#3173,#3174);
#2738=AXIS2_PLACEMENT_3D('',#3898,#3177,#3178);
#2739=AXIS2_PLACEMENT_3D('',#3900,#3180,#3181);
#2740=AXIS2_PLACEMENT_3D('',#3902,#3183,#3184);
#2741=AXIS2_PLACEMENT_3D('',#3905,#3187,#3188);
#2742=AXIS2_PLACEMENT_3D('',#3906,#3189,#3190);
#2743=AXIS2_PLACEMENT_3D('',#3907,#3191,#3192);
#2744=AXIS2_PLACEMENT_3D('',#3908,#3193,#3194);
#2745=AXIS2_PLACEMENT_3D('',#3909,#3195,#3196);
#2746=AXIS2_PLACEMENT_3D('',#3910,#3197,#3198);
#2747=AXIS2_PLACEMENT_3D('',#3911,#3199,#3200);
#2748=AXIS2_PLACEMENT_3D('',#3912,#3201,#3202);
#2749=AXIS2_PLACEMENT_3D('',#3913,#3203,#3204);
#2750=AXIS2_PLACEMENT_3D('',#3914,#3205,#3206);
#2751=AXIS2_PLACEMENT_3D('',#3915,#3207,#3208);
#2752=AXIS2_PLACEMENT_3D('',#3916,#3209,#3210);
#2753=AXIS2_PLACEMENT_3D('',#3917,#3211,#3212);
#2754=AXIS2_PLACEMENT_3D('',#3918,#3213,#3214);
#2755=AXIS2_PLACEMENT_3D('',#3919,#3215,#3216);
#2756=AXIS2_PLACEMENT_3D('',#3921,#3218,#3219);
#2757=AXIS2_PLACEMENT_3D('',#3922,#3220,#3221);
#2758=AXIS2_PLACEMENT_3D('',#3924,#3222,#3223);
#2759=AXIS2_PLACEMENT_3D('',#3929,#3226,#3227);
#2760=AXIS2_PLACEMENT_3D('',#3930,#3228,#3229);
#2761=AXIS2_PLACEMENT_3D('',#3932,#3230,#3231);
#2762=AXIS2_PLACEMENT_3D('',#3937,#3234,#3235);
#2763=AXIS2_PLACEMENT_3D('',#3939,#3237,#3238);
#2764=AXIS2_PLACEMENT_3D('',#3940,#3239,#3240);
#2765=AXIS2_PLACEMENT_3D('',#3941,#3241,#3242);
#2766=AXIS2_PLACEMENT_3D('',#3943,#3243,#3244);
#2767=AXIS2_PLACEMENT_3D('',#3944,#3245,#3246);
#2768=AXIS2_PLACEMENT_3D('',#3946,#3247,#3248);
#2769=AXIS2_PLACEMENT_3D('',#3947,#3249,#3250);
#2770=AXIS2_PLACEMENT_3D('',#3948,#3251,#3252);
#2771=AXIS2_PLACEMENT_3D('',#3949,#3253,#3254);
#2772=AXIS2_PLACEMENT_3D('',#3950,#3255,#3256);
#2773=AXIS2_PLACEMENT_3D('',#3957,#3259,#3260);
#2774=AXIS2_PLACEMENT_3D('',#3962,#3263,#3264);
#2775=AXIS2_PLACEMENT_3D('',#3996,#3281,#3282);
#2776=AXIS2_PLACEMENT_3D('',#4011,#3285,#3286);
#2777=AXIS2_PLACEMENT_3D('',#4026,#3289,#3290);
#2778=AXIS2_PLACEMENT_3D('',#4064,#3309,#3310);
#2779=AXIS2_PLACEMENT_3D('',#4070,#3313,#3314);
#2780=AXIS2_PLACEMENT_3D('',#4071,#3315,#3316);
#2781=AXIS2_PLACEMENT_3D('',#4076,#3318,#3319);
#2782=AXIS2_PLACEMENT_3D('',#4080,#3321,#3322);
#2783=AXIS2_PLACEMENT_3D('',#4084,#3324,#3325);
#2784=AXIS2_PLACEMENT_3D('',#4087,#3327,#3328);
#2785=AXIS2_PLACEMENT_3D('',#4088,#3329,#3330);
#2786=AXIS2_PLACEMENT_3D('',#4090,#3331,#3332);
#2787=AXIS2_PLACEMENT_3D('',#4091,#3333,#3334);
#2788=AXIS2_PLACEMENT_3D('',#4096,#3336,#3337);
#2789=AXIS2_PLACEMENT_3D('',#4100,#3339,#3340);
#2790=AXIS2_PLACEMENT_3D('',#4104,#3342,#3343);
#2791=AXIS2_PLACEMENT_3D('',#4107,#3345,#3346);
#2792=AXIS2_PLACEMENT_3D('',#4110,#3349,#3350);
#2793=AXIS2_PLACEMENT_3D('',#4112,#3352,#3353);
#2794=AXIS2_PLACEMENT_3D('',#4114,#3355,#3356);
#2795=AXIS2_PLACEMENT_3D('',#4116,#3358,#3359);
#2796=AXIS2_PLACEMENT_3D('',#4118,#3361,#3362);
#2797=AXIS2_PLACEMENT_3D('',#4120,#3364,#3365);
#2798=AXIS2_PLACEMENT_3D('',#4122,#3367,#3368);
#2799=AXIS2_PLACEMENT_3D('',#4123,#3369,#3370);
#2800=AXIS2_PLACEMENT_3D('',#4124,#3371,#3372);
#2801=AXIS2_PLACEMENT_3D('',#4125,#3373,#3374);
#2802=AXIS2_PLACEMENT_3D('',#4127,#3376,#3377);
#2803=AXIS2_PLACEMENT_3D('',#4128,#3378,#3379);
#2804=AXIS2_PLACEMENT_3D('',#4129,#3380,#3381);
#2805=AXIS2_PLACEMENT_3D('',#4131,#3383,#3384);
#2806=AXIS2_PLACEMENT_3D('',#4132,#3385,#3386);
#2807=AXIS2_PLACEMENT_3D('',#4138,#3390,#3391);
#2808=AXIS2_PLACEMENT_3D('',#4158,#3393,#3394);
#2809=AXIS2_PLACEMENT_3D('',#4161,#3397,#3398);
#2810=AXIS2_PLACEMENT_3D('',#4162,#3399,#3400);
#2811=AXIS2_PLACEMENT_3D('',#4163,#3401,#3402);
#2812=AXIS2_PLACEMENT_3D('',#4164,#3403,#3404);
#2813=AXIS2_PLACEMENT_3D('',#4165,#3405,#3406);
#2814=AXIS2_PLACEMENT_3D('',#4171,#3410,#3411);
#2815=AXIS2_PLACEMENT_3D('',#4175,#3414,#3415);
#2816=AXIS2_PLACEMENT_3D('',#4179,#3418,#3419);
#2817=AXIS2_PLACEMENT_3D('',#4181,#3421,#3422);
#2818=AXIS2_PLACEMENT_3D('',#4182,#3423,#3424);
#2819=AXIS2_PLACEMENT_3D('',#4188,#3428,#3429);
#2820=AXIS2_PLACEMENT_3D('',#4192,#3432,#3433);
#2821=AXIS2_PLACEMENT_3D('',#4196,#3436,#3437);
#2822=AXIS2_PLACEMENT_3D('',#4198,#3439,#3440);
#2823=AXIS2_PLACEMENT_3D('',#4199,#3441,#3442);
#2824=AXIS2_PLACEMENT_3D('',#4205,#3446,#3447);
#2825=AXIS2_PLACEMENT_3D('',#4209,#3450,#3451);
#2826=AXIS2_PLACEMENT_3D('',#4213,#3454,#3455);
#2827=AXIS2_PLACEMENT_3D('',#4215,#3457,#3458);
#2828=AXIS2_PLACEMENT_3D('',#4216,#3459,#3460);
#2829=AXIS2_PLACEMENT_3D('',#4222,#3464,#3465);
#2830=AXIS2_PLACEMENT_3D('',#4226,#3468,#3469);
#2831=AXIS2_PLACEMENT_3D('',#4230,#3472,#3473);
#2832=AXIS2_PLACEMENT_3D('',#4232,#3475,#3476);
#2833=AXIS2_PLACEMENT_3D('',#4233,#3477,#3478);
#2834=AXIS2_PLACEMENT_3D('',#4239,#3482,#3483);
#2835=AXIS2_PLACEMENT_3D('',#4243,#3486,#3487);
#2836=AXIS2_PLACEMENT_3D('',#4247,#3490,#3491);
#2837=AXIS2_PLACEMENT_3D('',#4249,#3493,#3494);
#2838=AXIS2_PLACEMENT_3D('',#4250,#3495,#3496);
#2839=AXIS2_PLACEMENT_3D('',#4256,#3500,#3501);
#2840=AXIS2_PLACEMENT_3D('',#4260,#3504,#3505);
#2841=AXIS2_PLACEMENT_3D('',#4264,#3508,#3509);
#2842=AXIS2_PLACEMENT_3D('',#4266,#3511,#3512);
#2843=AXIS2_PLACEMENT_3D('',#4267,#3513,#3514);
#2844=AXIS2_PLACEMENT_3D('',#4273,#3518,#3519);
#2845=AXIS2_PLACEMENT_3D('',#4277,#3522,#3523);
#2846=AXIS2_PLACEMENT_3D('',#4281,#3526,#3527);
#2847=AXIS2_PLACEMENT_3D('',#4283,#3529,#3530);
#2848=AXIS2_PLACEMENT_3D('',#4284,#3531,#3532);
#2849=AXIS2_PLACEMENT_3D('',#4290,#3536,#3537);
#2850=AXIS2_PLACEMENT_3D('',#4294,#3540,#3541);
#2851=AXIS2_PLACEMENT_3D('',#4298,#3544,#3545);
#2852=AXIS2_PLACEMENT_3D('',#4300,#3547,#3548);
#2853=AXIS2_PLACEMENT_3D('',#4301,#3549,#3550);
#2854=AXIS2_PLACEMENT_3D('',#4302,#3551,#3552);
#2855=AXIS2_PLACEMENT_3D('',#4303,#3553,#3554);
#2856=AXIS2_PLACEMENT_3D('',#4304,#3555,#3556);
#2857=AXIS2_PLACEMENT_3D('',#4305,#3557,#3558);
#2858=DIRECTION('',(0.,0.,1.));
#2859=DIRECTION('',(1.,0.,0.));
#2860=DIRECTION('',(0.,0.,1.));
#2861=DIRECTION('',(1.,0.,0.));
#2862=DIRECTION('',(0.,0.,1.));
#2863=DIRECTION('',(1.,0.,0.));
#2864=DIRECTION('',(0.,0.,-1.));
#2865=DIRECTION('',(-1.,0.,0.));
#2866=DIRECTION('',(0.,0.,1.));
#2867=DIRECTION('',(1.,0.,0.));
#2868=DIRECTION('',(0.,0.,1.));
#2869=DIRECTION('',(1.,0.,0.));
#2870=DIRECTION('',(0.,0.,1.));
#2871=DIRECTION('',(1.,0.,0.));
#2872=DIRECTION('',(0.,0.,1.));
#2873=DIRECTION('',(1.,0.,0.));
#2874=DIRECTION('',(0.,0.,1.));
#2875=DIRECTION('',(1.,0.,0.));
#2876=DIRECTION('',(1.,0.,0.));
#2877=DIRECTION('',(0.,1.,0.));
#2878=DIRECTION('',(-1.,-1.5770213417971E-16,0.));
#2879=DIRECTION('',(0.,0.,1.));
#2880=DIRECTION('',(1.,0.,0.));
#2881=DIRECTION('',(0.,0.,1.));
#2882=DIRECTION('',(1.,0.,0.));
#2883=DIRECTION('',(-1.,-1.5770213417971E-16,0.));
#2884=DIRECTION('',(3.27172796831033E-17,-1.,0.));
#2885=DIRECTION('',(0.,0.,1.));
#2886=DIRECTION('',(1.,0.,0.));
#2887=DIRECTION('',(0.,-1.,0.));
#2888=DIRECTION('',(0.,0.,-1.));
#2889=DIRECTION('',(3.27172796831033E-17,-1.,0.));
#2890=DIRECTION('',(0.,0.,-1.));
#2891=DIRECTION('',(1.,3.27172796831033E-17,0.));
#2892=DIRECTION('',(-3.27172796831033E-17,1.,0.));
#2893=DIRECTION('',(0.,-1.,0.));
#2894=DIRECTION('',(0.,0.,-1.));
#2895=DIRECTION('',(0.,0.,-1.));
#2896=DIRECTION('',(-1.,0.,0.));
#2897=DIRECTION('',(0.,0.,1.));
#2898=DIRECTION('',(0.,0.,-1.));
#2899=DIRECTION('',(0.,-1.,0.));
#2900=DIRECTION('',(0.,0.,-1.));
#2901=DIRECTION('',(3.27172796831033E-17,-1.,0.));
#2902=DIRECTION('',(1.,3.27172796831033E-17,0.));
#2903=DIRECTION('',(-3.27172796831033E-17,1.,0.));
#2904=DIRECTION('',(1.,0.,0.));
#2905=DIRECTION('',(0.,0.,-1.));
#2906=DIRECTION('',(1.,5.55111512312577E-17,0.));
#2907=DIRECTION('',(0.,0.,1.));
#2908=DIRECTION('',(1.,5.55111512312577E-17,0.));
#2909=DIRECTION('',(1.,0.,0.));
#2910=DIRECTION('',(-1.,5.55111512312577E-17,0.));
#2911=DIRECTION('',(0.,0.,1.));
#2912=DIRECTION('',(-1.,5.55111512312577E-17,0.));
#2913=DIRECTION('',(0.,1.,0.));
#2914=DIRECTION('',(0.,0.,1.));
#2915=DIRECTION('',(0.,0.,-1.));
#2916=DIRECTION('',(0.,-1.,0.));
#2917=DIRECTION('',(0.,1.,0.));
#2918=DIRECTION('',(-1.,0.,0.));
#2919=DIRECTION('',(0.,0.,1.));
#2920=DIRECTION('',(-1.,-1.5770213417971E-16,0.));
#2921=DIRECTION('',(1.,0.,0.));
#2922=DIRECTION('',(0.,0.,1.));
#2923=DIRECTION('',(1.,0.,0.));
#2924=DIRECTION('',(-1.,0.,0.));
#2925=DIRECTION('',(0.,0.,1.));
#2926=DIRECTION('',(-1.,0.,0.));
#2927=DIRECTION('',(1.5770213417971E-16,-1.,0.));
#2928=DIRECTION('',(1.,1.57859836313889E-16,0.));
#2929=DIRECTION('',(0.,0.,1.));
#2930=DIRECTION('',(1.,0.,0.));
#2931=DIRECTION('',(0.,0.,1.));
#2932=DIRECTION('',(1.,0.,0.));
#2933=DIRECTION('',(0.,0.,1.));
#2934=DIRECTION('',(1.,0.,0.));
#2935=DIRECTION('',(-6.30808536718839E-16,1.,0.));
#2936=DIRECTION('',(-6.30808536718839E-16,1.,0.));
#2937=DIRECTION('',(0.,0.,1.));
#2938=DIRECTION('',(1.,6.30808536718839E-16,0.));
#2939=DIRECTION('',(-6.31439345255558E-16,1.,0.));
#2940=DIRECTION('',(-1.,1.06165877975985E-15,0.));
#2941=DIRECTION('',(-1.,1.06165877975985E-15,0.));
#2942=DIRECTION('',(0.,0.,1.));
#2943=DIRECTION('',(1.06165877975985E-15,1.,0.));
#2944=DIRECTION('',(-1.,1.06165076729781E-15,0.));
#2945=DIRECTION('',(0.,0.,-1.));
#2946=DIRECTION('',(1.,0.,0.));
#2947=DIRECTION('',(0.,0.,-1.));
#2948=DIRECTION('',(1.,0.,0.));
#2949=DIRECTION('',(0.,0.,1.));
#2950=DIRECTION('',(0.,0.,1.));
#2951=DIRECTION('',(1.,0.,0.));
#2952=DIRECTION('',(1.,1.06165877975985E-15,0.));
#2953=DIRECTION('',(1.,1.06165877975985E-15,0.));
#2954=DIRECTION('',(0.,0.,1.));
#2955=DIRECTION('',(1.06165877975985E-15,-1.,0.));
#2956=DIRECTION('',(1.,1.06165076729781E-15,0.));
#2957=DIRECTION('',(-6.30808536718839E-16,1.,0.));
#2958=DIRECTION('',(-6.30808536718839E-16,1.,0.));
#2959=DIRECTION('',(1.,6.30808536718839E-16,0.));
#2960=DIRECTION('',(-6.31439345255558E-16,1.,0.));
#2961=DIRECTION('',(0.,0.,-1.));
#2962=DIRECTION('',(-1.,0.,0.));
#2963=DIRECTION('',(0.,0.,-1.));
#2964=DIRECTION('',(-1.,0.,0.));
#2965=DIRECTION('',(6.30808536718839E-16,1.,0.));
#2966=DIRECTION('',(0.,0.,1.));
#2967=DIRECTION('',(6.30808536718839E-16,1.,0.));
#2968=DIRECTION('',(1.,-6.30808536718839E-16,0.));
#2969=DIRECTION('',(6.30571983517569E-16,1.,0.));
#2970=DIRECTION('',(1.,1.06165877975985E-15,0.));
#2971=DIRECTION('',(0.,0.,1.));
#2972=DIRECTION('',(1.,1.06165877975985E-15,0.));
#2973=DIRECTION('',(1.06165877975985E-15,-1.,0.));
#2974=DIRECTION('',(1.,1.06165076729781E-15,0.));
#2975=DIRECTION('',(0.,0.,1.));
#2976=DIRECTION('',(-1.,0.,0.));
#2977=DIRECTION('',(0.,0.,1.));
#2978=DIRECTION('',(0.,0.,1.));
#2979=DIRECTION('',(-1.,0.,0.));
#2980=DIRECTION('',(0.,0.,1.));
#2981=DIRECTION('',(1.,0.,0.));
#2982=DIRECTION('',(-1.,1.06165877975985E-15,0.));
#2983=DIRECTION('',(0.,0.,1.));
#2984=DIRECTION('',(-1.,1.06165877975985E-15,0.));
#2985=DIRECTION('',(1.06165877975985E-15,1.,0.));
#2986=DIRECTION('',(-1.,1.06165076729781E-15,0.));
#2987=DIRECTION('',(6.30808536718839E-16,1.,0.));
#2988=DIRECTION('',(6.30808536718839E-16,1.,0.));
#2989=DIRECTION('',(1.,-6.30808536718839E-16,0.));
#2990=DIRECTION('',(6.30571983517569E-16,1.,0.));
#2991=DIRECTION('',(0.,0.,1.));
#2992=DIRECTION('',(1.,0.,0.));
#2993=DIRECTION('',(0.,0.,1.));
#2994=DIRECTION('',(1.,0.,0.));
#2995=DIRECTION('',(0.,0.,-1.));
#2996=DIRECTION('',(0.,0.,1.));
#2997=DIRECTION('',(1.,0.,0.));
#2998=DIRECTION('',(0.,0.,1.));
#2999=DIRECTION('',(0.,0.,-1.));
#3000=DIRECTION('',(-1.,0.,0.));
#3001=DIRECTION('',(0.,0.,1.));
#3002=DIRECTION('',(1.,0.,0.));
#3003=DIRECTION('',(0.,0.,-1.));
#3004=DIRECTION('',(-1.,0.,0.));
#3005=DIRECTION('',(0.,0.,1.));
#3006=DIRECTION('',(1.,0.,0.));
#3007=DIRECTION('',(0.,0.,-1.));
#3008=DIRECTION('',(1.,0.,0.));
#3009=DIRECTION('',(0.,0.,1.));
#3010=DIRECTION('',(1.,0.,0.));
#3011=DIRECTION('',(0.,0.,1.));
#3012=DIRECTION('',(1.,0.,0.));
#3013=DIRECTION('',(-0.993320890011151,0.115384615384615,0.));
#3014=DIRECTION('',(0.,0.,1.));
#3015=DIRECTION('',(-0.993320890011151,0.115384615384615,0.));
#3016=DIRECTION('',(0.,0.,1.));
#3017=DIRECTION('',(0.115384615384615,0.993320890011151,0.));
#3018=DIRECTION('',(-0.993320890011151,0.115384615384615,0.));
#3019=DIRECTION('',(0.,0.,-1.));
#3020=DIRECTION('',(-1.,0.,0.));
#3021=DIRECTION('',(0.,0.,1.));
#3022=DIRECTION('',(0.,0.,-1.));
#3023=DIRECTION('',(-1.,0.,0.));
#3024=DIRECTION('',(0.,0.,1.));
#3025=DIRECTION('',(1.,0.,0.));
#3026=DIRECTION('',(0.993320890011151,0.115384615384615,0.));
#3027=DIRECTION('',(0.,0.,1.));
#3028=DIRECTION('',(0.993320890011151,0.115384615384615,0.));
#3029=DIRECTION('',(0.115384615384615,-0.993320890011151,0.));
#3030=DIRECTION('',(0.993320890011151,0.115384615384615,0.));
#3031=DIRECTION('',(0.,0.,1.));
#3032=DIRECTION('',(1.,0.,0.));
#3033=DIRECTION('',(0.,0.,1.));
#3034=DIRECTION('',(1.,0.,0.));
#3035=DIRECTION('',(0.,0.,-1.));
#3036=DIRECTION('',(-1.,0.,0.));
#3037=DIRECTION('',(0.993320890011151,0.115384615384615,0.));
#3038=DIRECTION('',(0.,0.,1.));
#3039=DIRECTION('',(1.,0.,0.));
#3040=DIRECTION('',(-0.993320890011151,0.115384615384615,0.));
#3041=DIRECTION('',(0.,0.,-1.));
#3042=DIRECTION('',(-1.,0.,0.));
#3043=DIRECTION('',(0.,0.,1.));
#3044=DIRECTION('',(1.,0.,0.));
#3045=DIRECTION('',(0.,0.,1.));
#3046=DIRECTION('',(1.,0.,0.));
#3047=DIRECTION('',(0.,0.,-1.));
#3048=DIRECTION('',(-1.,0.,0.));
#3049=DIRECTION('',(0.,0.,1.));
#3050=DIRECTION('',(0.,0.,-1.));
#3051=DIRECTION('',(-1.,0.,0.));
#3052=DIRECTION('',(0.,0.,1.));
#3053=DIRECTION('',(0.,0.,-1.));
#3054=DIRECTION('',(-1.,0.,0.));
#3055=DIRECTION('',(0.993320890011151,0.115384615384615,0.));
#3056=DIRECTION('',(0.,0.,1.));
#3057=DIRECTION('',(0.115384615384615,-0.993320890011151,0.));
#3058=DIRECTION('',(0.993320890011151,0.115384615384615,0.));
#3059=DIRECTION('',(0.,0.,1.));
#3060=DIRECTION('',(1.,0.,0.));
#3061=DIRECTION('',(0.,0.,1.));
#3062=DIRECTION('',(0.,0.,1.));
#3063=DIRECTION('',(1.,0.,0.));
#3064=DIRECTION('',(-0.993320890011151,0.115384615384615,0.));
#3065=DIRECTION('',(0.115384615384615,0.993320890011151,0.));
#3066=DIRECTION('',(-0.993320890011151,0.115384615384615,0.));
#3067=DIRECTION('',(0.,0.,-1.));
#3068=DIRECTION('',(-1.,0.,0.));
#3069=DIRECTION('',(0.,0.,-1.));
#3070=DIRECTION('',(-1.,0.,0.));
#3071=DIRECTION('',(0.,0.,1.));
#3072=DIRECTION('',(1.,0.,0.));
#3073=DIRECTION('',(0.,0.,-1.));
#3074=DIRECTION('',(-1.,0.,0.));
#3075=DIRECTION('',(0.,0.,-1.));
#3076=DIRECTION('',(-1.,0.,0.));
#3077=DIRECTION('',(0.,0.,-1.));
#3078=DIRECTION('',(-1.,0.,0.));
#3079=DIRECTION('',(0.,0.,-1.));
#3080=DIRECTION('',(-1.,0.,0.));
#3081=DIRECTION('',(0.,0.,-1.));
#3082=DIRECTION('',(-1.,0.,0.));
#3083=DIRECTION('',(0.,0.,-1.));
#3084=DIRECTION('',(-1.,0.,0.));
#3085=DIRECTION('',(0.,0.,-1.));
#3086=DIRECTION('',(1.,0.,0.));
#3087=DIRECTION('',(0.,0.,1.));
#3088=DIRECTION('',(1.,0.,0.));
#3089=DIRECTION('',(0.,0.,1.));
#3090=DIRECTION('',(1.,0.,0.));
#3091=DIRECTION('',(-1.,2.18547839493141E-16,0.));
#3092=DIRECTION('',(0.,0.,-1.));
#3093=DIRECTION('',(-1.,0.,0.));
#3094=DIRECTION('',(-1.4347497549002E-15,-1.,-1.57139258870022E-15));
#3095=DIRECTION('',(-1.,0.,0.));
#3096=DIRECTION('',(0.707106781186547,-0.707106781186548,0.));
#3097=DIRECTION('',(-2.89120579329468E-16,1.,0.));
#3098=DIRECTION('',(-1.,-1.5770213417971E-16,0.));
#3099=DIRECTION('',(2.22400445638053E-15,1.,1.59416639433356E-15));
#3100=DIRECTION('',(-0.70710678118655,0.707106781186545,0.));
#3101=DIRECTION('',(-0.707106781186544,-0.707106781186551,0.));
#3102=DIRECTION('',(0.,0.,1.));
#3103=DIRECTION('',(-1.,0.,0.));
#3104=DIRECTION('',(0.,0.,-1.));
#3105=DIRECTION('',(-1.,0.,0.));
#3106=DIRECTION('',(-1.,2.18547839493141E-16,0.));
#3107=DIRECTION('',(0.,0.,-1.));
#3108=DIRECTION('',(0.,0.,1.));
#3109=DIRECTION('',(-1.,1.44560289664733E-15,0.));
#3110=DIRECTION('',(0.,0.,-1.));
#3111=DIRECTION('',(-2.18547839493141E-16,-1.,0.));
#3112=DIRECTION('',(1.,-2.18575157973078E-16,0.));
#3113=DIRECTION('',(0.,0.,1.));
#3114=DIRECTION('',(1.,0.,0.));
#3115=DIRECTION('',(-0.707106781186544,-0.707106781186551,0.));
#3116=DIRECTION('',(-0.70710678118655,0.707106781186545,0.));
#3117=DIRECTION('',(0.,0.,1.));
#3118=DIRECTION('',(1.,0.,0.));
#3119=DIRECTION('',(-0.707106781186545,-0.70710678118655,0.));
#3120=DIRECTION('',(-0.707106781186545,0.70710678118655,0.));
#3121=DIRECTION('',(-1.4347497549002E-15,-1.,0.));
#3122=DIRECTION('',(0.,0.,1.));
#3123=DIRECTION('',(-1.,0.,0.));
#3124=DIRECTION('',(1.69932095605891E-15,1.,0.));
#3125=DIRECTION('',(1.,0.,0.));
#3126=DIRECTION('',(-0.707106781186548,-0.707106781186548,0.));
#3127=DIRECTION('',(0.,1.,1.44560289664734E-16));
#3128=DIRECTION('',(-1.,-1.65211759616839E-16,0.));
#3129=DIRECTION('',(2.89120579329468E-16,-1.,-1.44560289664734E-16));
#3130=DIRECTION('',(-0.707106781186547,0.707106781186548,0.));
#3131=DIRECTION('',(1.,2.16840434497101E-16,0.));
#3132=DIRECTION('',(0.,0.,-1.));
#3133=DIRECTION('',(-1.,0.,0.));
#3134=DIRECTION('',(1.,-2.168404344971E-15,0.));
#3135=DIRECTION('',(0.,-1.,0.));
#3136=DIRECTION('',(0.707106781186548,0.707106781186548,0.));
#3137=DIRECTION('',(-1.,0.,0.));
#3138=DIRECTION('',(1.69932095605891E-15,1.,1.59509593742063E-15));
#3139=DIRECTION('',(-0.707106781186545,0.70710678118655,0.));
#3140=DIRECTION('',(-0.707106781186545,-0.70710678118655,0.));
#3141=DIRECTION('',(0.,0.,1.));
#3142=DIRECTION('',(-1.,0.,0.));
#3143=DIRECTION('',(0.,0.,-1.));
#3144=DIRECTION('',(-1.,0.,0.));
#3145=DIRECTION('',(0.,0.,-1.));
#3146=DIRECTION('',(0.,0.,-1.));
#3147=DIRECTION('',(0.,-1.,0.));
#3148=DIRECTION('',(0.,0.,-1.));
#3149=DIRECTION('',(0.,0.,1.));
#3150=DIRECTION('',(0.,0.,-1.));
#3151=DIRECTION('',(-1.,0.,0.));
#3152=DIRECTION('',(0.,0.,1.));
#3153=DIRECTION('',(0.,0.,1.));
#3154=DIRECTION('',(1.,0.,0.));
#3155=DIRECTION('',(0.,0.,1.));
#3156=DIRECTION('',(0.70710678118655,-0.707106781186545,0.));
#3157=DIRECTION('',(0.707106781186545,0.70710678118655,0.));
#3158=DIRECTION('',(-0.70710678118655,0.707106781186545,0.));
#3159=DIRECTION('',(0.707106781186544,0.707106781186551,0.));
#3160=DIRECTION('',(-0.707106781186551,0.707106781186544,0.));
#3161=DIRECTION('',(-0.707106781186544,-0.707106781186551,0.));
#3162=DIRECTION('',(0.,0.,1.));
#3163=DIRECTION('',(0.,0.,-1.));
#3164=DIRECTION('',(-1.,0.,0.));
#3165=DIRECTION('',(0.,0.,1.));
#3166=DIRECTION('',(0.,0.,1.));
#3167=DIRECTION('',(1.,0.,0.));
#3168=DIRECTION('',(0.,0.,1.));
#3169=DIRECTION('',(0.707106781186545,-0.70710678118655,0.));
#3170=DIRECTION('',(0.70710678118655,0.707106781186545,0.));
#3171=DIRECTION('',(-0.707106781186545,0.70710678118655,0.));
#3172=DIRECTION('',(0.707106781186545,0.70710678118655,0.));
#3173=DIRECTION('',(-0.70710678118655,0.707106781186545,0.));
#3174=DIRECTION('',(-0.707106781186545,-0.70710678118655,0.));
#3175=DIRECTION('',(0.,0.,-1.));
#3176=DIRECTION('',(0.,0.,1.));
#3177=DIRECTION('',(0.,-1.,0.));
#3178=DIRECTION('',(0.,0.,-1.));
#3179=DIRECTION('',(0.,0.,-1.));
#3180=DIRECTION('',(1.,0.,0.));
#3181=DIRECTION('',(0.,0.,-1.));
#3182=DIRECTION('',(0.,0.,1.));
#3183=DIRECTION('',(-1.,-2.89120579329468E-16,0.));
#3184=DIRECTION('',(2.88831458750138E-16,-1.,0.));
#3185=DIRECTION('',(0.,0.,1.));
#3186=DIRECTION('',(0.,0.,-1.));
#3187=DIRECTION('',(0.,-1.,0.));
#3188=DIRECTION('',(0.,0.,-1.));
#3189=DIRECTION('',(-1.,-4.160745015512E-15,0.));
#3190=DIRECTION('',(-4.160745015512E-15,1.,0.));
#3191=DIRECTION('',(0.707106781186549,-0.707106781186546,0.));
#3192=DIRECTION('',(0.707106781186546,0.707106781186548,0.));
#3193=DIRECTION('',(0.70710678118655,-0.707106781186545,0.));
#3194=DIRECTION('',(0.707106781186545,0.707106781186548,0.));
#3195=DIRECTION('',(0.707106781186018,0.707106781187077,7.38664103487213E-13));
#3196=DIRECTION('',(-0.707106781187077,0.707106781186019,0.));
#3197=DIRECTION('',(0.,0.,-1.));
#3198=DIRECTION('',(-1.,0.,0.));
#3199=DIRECTION('',(0.707106781186544,0.707106781186551,0.));
#3200=DIRECTION('',(-0.707106781186551,0.70710678118654,0.));
#3201=DIRECTION('',(-1.,-7.85046229341885E-17,0.));
#3202=DIRECTION('',(-7.85046229341885E-17,1.,0.));
#3203=DIRECTION('',(0.707106781186548,-0.707106781186548,0.));
#3204=DIRECTION('',(0.707106781186548,0.707106781186548,0.));
#3205=DIRECTION('',(0.707106781186545,-0.70710678118655,0.));
#3206=DIRECTION('',(0.707106781186548,0.707106781186548,0.));
#3207=DIRECTION('',(0.707106781186014,0.707106781187081,7.60513534674954E-13));
#3208=DIRECTION('',(-0.707106781187078,0.707106781186011,0.));
#3209=DIRECTION('',(0.,0.,-1.));
#3210=DIRECTION('',(-0.999999999999999,0.,0.));
#3211=DIRECTION('',(0.707106781186545,0.70710678118655,0.));
#3212=DIRECTION('',(-0.707106781186548,0.707106781186544,0.));
#3213=DIRECTION('',(0.707106781186547,-0.707106781186547,0.));
#3214=DIRECTION('',(0.,0.,-1.));
#3215=DIRECTION('',(-0.707106781186548,-0.707106781186547,0.));
#3216=DIRECTION('',(0.,0.,-1.));
#3217=DIRECTION('',(0.,0.,1.));
#3218=DIRECTION('',(1.,-1.4347497549002E-15,0.));
#3219=DIRECTION('',(1.4347497549002E-15,1.,0.));
#3220=DIRECTION('',(-1.,1.69932095605891E-15,0.));
#3221=DIRECTION('',(0.,-1.,0.));
#3222=DIRECTION('',(-1.,1.69932095605891E-15,0.));
#3223=DIRECTION('',(0.,-1.,0.));
#3224=DIRECTION('',(-1.77920356510442E-15,-1.,-1.59416639433356E-15));
#3225=DIRECTION('',(0.,0.,1.));
#3226=DIRECTION('',(-1.,1.69932095605891E-15,0.));
#3227=DIRECTION('',(-1.70002900645727E-15,-1.,0.));
#3228=DIRECTION('',(1.,-2.22400445638053E-15,0.));
#3229=DIRECTION('',(2.77555756156288E-15,1.,0.));
#3230=DIRECTION('',(1.,-2.22400445638053E-15,0.));
#3231=DIRECTION('',(2.77555756156289E-15,1.,0.));
#3232=DIRECTION('',(0.,0.,1.));
#3233=DIRECTION('',(2.22400445638053E-15,1.,1.59416639433356E-15));
#3234=DIRECTION('',(1.,-2.22400445638053E-15,0.));
#3235=DIRECTION('',(2.22391549620227E-15,1.,0.));
#3236=DIRECTION('',(1.,-2.168404344971E-15,0.));
#3237=DIRECTION('',(-2.168404344971E-15,-1.,0.));
#3238=DIRECTION('',(1.,-2.16840434497101E-15,0.));
#3239=DIRECTION('',(3.45679733607965E-30,1.59416639433356E-15,-1.));
#3240=DIRECTION('',(0.,1.,1.59247615094671E-15));
#3241=DIRECTION('',(-1.,0.,0.));
#3242=DIRECTION('',(0.,0.,-1.));
#3243=DIRECTION('',(-1.,0.,0.));
#3244=DIRECTION('',(0.,0.,1.));
#3245=DIRECTION('',(-1.,0.,0.));
#3246=DIRECTION('',(0.,0.,-1.));
#3247=DIRECTION('',(-1.,0.,0.));
#3248=DIRECTION('',(0.,0.,1.));
#3249=DIRECTION('',(-1.,0.,0.));
#3250=DIRECTION('',(-1.73212528804474E-17,0.,1.));
#3251=DIRECTION('',(-1.,0.,0.));
#3252=DIRECTION('',(-1.38570023043579E-17,0.,1.));
#3253=DIRECTION('',(0.,0.,1.));
#3254=DIRECTION('',(1.,0.,0.));
#3255=DIRECTION('',(0.,0.,1.));
#3256=DIRECTION('',(1.,0.,0.));
#3257=DIRECTION('',(-0.999984930660555,-0.00548984988915856,0.));
#3258=DIRECTION('',(0.991349301457368,-0.131249999999956,0.));
#3259=DIRECTION('',(0.,0.,1.));
#3260=DIRECTION('',(-1.,0.,0.));
#3261=DIRECTION('',(-0.991349301457368,-0.131249999999956,0.));
#3262=DIRECTION('',(0.999984930660555,-0.00548984988915841,0.));
#3263=DIRECTION('',(0.,0.,-1.));
#3264=DIRECTION('',(-1.,0.,0.));
#3265=DIRECTION('',(-0.999984930660555,-0.00548984988915861,0.));
#3266=DIRECTION('',(0.00548984988915877,-0.999984930660555,0.));
#3267=DIRECTION('',(0.999984930660555,0.00548984988915855,0.));
#3268=DIRECTION('',(-0.00548984988915877,0.999984930660555,0.));
#3269=DIRECTION('',(-0.999984930660555,-0.00548984988915861,0.));
#3270=DIRECTION('',(0.00548984988915877,-0.999984930660555,0.));
#3271=DIRECTION('',(0.999984930660555,0.00548984988915855,0.));
#3272=DIRECTION('',(-0.00548984988915645,0.999984930660555,0.));
#3273=DIRECTION('',(-0.999984930660555,-0.0054898498891586,0.));
#3274=DIRECTION('',(0.00548984988916108,-0.999984930660555,0.));
#3275=DIRECTION('',(0.999984930660555,0.00548984988915854,0.));
#3276=DIRECTION('',(-0.00548984988915645,0.999984930660555,0.));
#3277=DIRECTION('',(-0.999984930660555,-0.00548984988915861,0.));
#3278=DIRECTION('',(0.00548984988915645,-0.999984930660555,0.));
#3279=DIRECTION('',(0.999984930660555,0.00548984988915854,0.));
#3280=DIRECTION('',(-0.00548984988916571,0.999984930660555,0.));
#3281=DIRECTION('',(0.,0.,-1.));
#3282=DIRECTION('',(-1.,0.,0.));
#3283=DIRECTION('',(0.,0.,-1.));
#3284=DIRECTION('',(0.,0.,-1.));
#3285=DIRECTION('',(0.,0.,1.));
#3286=DIRECTION('',(1.,0.,0.));
#3287=DIRECTION('',(0.,0.,-1.));
#3288=DIRECTION('',(0.,0.,-1.));
#3289=DIRECTION('',(0.,0.,1.));
#3290=DIRECTION('',(1.,0.,0.));
#3291=DIRECTION('',(0.00548984988915646,-0.999984930660555,0.));
#3292=DIRECTION('',(-0.999984930660555,-0.00548984988915861,0.));
#3293=DIRECTION('',(-0.00548984988916571,0.999984930660555,0.));
#3294=DIRECTION('',(0.999984930660555,0.00548984988915853,0.));
#3295=DIRECTION('',(0.00548984988916108,-0.999984930660555,0.));
#3296=DIRECTION('',(-0.999984930660555,-0.00548984988915861,0.));
#3297=DIRECTION('',(-0.00548984988915646,0.999984930660555,0.));
#3298=DIRECTION('',(0.999984930660555,0.00548984988915853,0.));
#3299=DIRECTION('',(0.00548984988915877,-0.999984930660555,0.));
#3300=DIRECTION('',(-0.999984930660555,-0.00548984988915861,0.));
#3301=DIRECTION('',(-0.00548984988915646,0.999984930660555,0.));
#3302=DIRECTION('',(0.999984930660555,0.00548984988915853,0.));
#3303=DIRECTION('',(0.00548984988915877,-0.999984930660555,0.));
#3304=DIRECTION('',(-0.999984930660555,-0.00548984988915861,0.));
#3305=DIRECTION('',(-0.00548984988915877,0.999984930660555,0.));
#3306=DIRECTION('',(0.999984930660555,0.00548984988915853,0.));
#3307=DIRECTION('',(-0.991349301457368,0.131249999999956,0.));
#3308=DIRECTION('',(0.999984930660555,0.00548984988915856,0.));
#3309=DIRECTION('',(0.,0.,1.));
#3310=DIRECTION('',(1.,0.,0.));
#3311=DIRECTION('',(-0.999984930660555,0.00548984988915841,0.));
#3312=DIRECTION('',(0.991349301457368,0.131249999999956,0.));
#3313=DIRECTION('',(0.,0.,-1.));
#3314=DIRECTION('',(0.991349301457368,0.131249999999956,0.));
#3315=DIRECTION('',(0.,0.,1.));
#3316=DIRECTION('',(-1.,1.22464679914735E-16,0.));
#3317=DIRECTION('',(-0.991349301457368,-0.131249999999956,0.));
#3318=DIRECTION('',(0.,0.,1.));
#3319=DIRECTION('',(1.,0.,0.));
#3320=DIRECTION('',(-0.991349301457368,0.131249999999956,0.));
#3321=DIRECTION('',(0.,0.,1.));
#3322=DIRECTION('',(1.,0.,0.));
#3323=DIRECTION('',(0.991349301457368,0.131249999999956,0.));
#3324=DIRECTION('',(0.,0.,1.));
#3325=DIRECTION('',(1.,0.,0.));
#3326=DIRECTION('',(0.991349301457368,-0.131249999999956,0.));
#3327=DIRECTION('',(0.,0.,1.));
#3328=DIRECTION('',(1.,0.,0.));
#3329=DIRECTION('',(0.,0.,-1.));
#3330=DIRECTION('',(1.,0.,0.));
#3331=DIRECTION('',(0.,0.,1.));
#3332=DIRECTION('',(1.,0.,0.));
#3333=DIRECTION('',(0.,0.,-1.));
#3334=DIRECTION('',(-1.,1.22464679914735E-16,0.));
#3335=DIRECTION('',(-0.991349301457368,0.131249999999956,0.));
#3336=DIRECTION('',(0.,0.,-1.));
#3337=DIRECTION('',(1.,0.,0.));
#3338=DIRECTION('',(-0.991349301457368,-0.131249999999956,0.));
#3339=DIRECTION('',(0.,0.,-1.));
#3340=DIRECTION('',(1.,0.,0.));
#3341=DIRECTION('',(0.991349301457368,-0.131249999999956,0.));
#3342=DIRECTION('',(0.,0.,-1.));
#3343=DIRECTION('',(1.,0.,0.));
#3344=DIRECTION('',(0.991349301457368,0.131249999999956,0.));
#3345=DIRECTION('',(0.,0.,1.));
#3346=DIRECTION('',(1.,0.,0.));
#3347=DIRECTION('',(0.,0.,-1.));
#3348=DIRECTION('',(0.,0.,-1.));
#3349=DIRECTION('',(0.,0.,1.));
#3350=DIRECTION('',(1.,0.,0.));
#3351=DIRECTION('',(0.,0.,-1.));
#3352=DIRECTION('',(-0.131249999999956,-0.991349301457368,0.));
#3353=DIRECTION('',(0.991349301457368,-0.131249999999956,0.));
#3354=DIRECTION('',(0.,0.,-1.));
#3355=DIRECTION('',(0.,0.,1.));
#3356=DIRECTION('',(1.,0.,0.));
#3357=DIRECTION('',(0.,0.,-1.));
#3358=DIRECTION('',(0.131249999999956,-0.991349301457368,0.));
#3359=DIRECTION('',(0.991349301457368,0.131249999999956,0.));
#3360=DIRECTION('',(0.,0.,-1.));
#3361=DIRECTION('',(0.,0.,1.));
#3362=DIRECTION('',(1.,0.,0.));
#3363=DIRECTION('',(0.,0.,-1.));
#3364=DIRECTION('',(0.131249999999956,0.991349301457368,0.));
#3365=DIRECTION('',(-0.991349301457368,0.131249999999956,0.));
#3366=DIRECTION('',(0.,0.,-1.));
#3367=DIRECTION('',(0.,0.,1.));
#3368=DIRECTION('',(1.,0.,0.));
#3369=DIRECTION('',(-0.131249999999956,0.991349301457368,0.));
#3370=DIRECTION('',(-0.991349301457368,-0.131249999999956,0.));
#3371=DIRECTION('',(-0.131249999999956,-0.991349301457368,0.));
#3372=DIRECTION('',(-0.991349301457368,0.131249999999956,0.));
#3373=DIRECTION('',(-0.131249999999956,-0.991349301457368,0.));
#3374=DIRECTION('',(-0.991349301457368,0.131249999999956,0.));
#3375=DIRECTION('',(0.,0.,-1.));
#3376=DIRECTION('',(0.131249999999956,0.991349301457368,0.));
#3377=DIRECTION('',(-0.991349301457368,0.131249999999956,0.));
#3378=DIRECTION('',(-0.131249999999956,0.991349301457368,0.));
#3379=DIRECTION('',(0.991349301457368,0.131249999999956,0.));
#3380=DIRECTION('',(-0.131249999999956,0.991349301457368,0.));
#3381=DIRECTION('',(0.991349301457368,0.131249999999956,0.));
#3382=DIRECTION('',(0.,0.,-1.));
#3383=DIRECTION('',(0.131249999999956,-0.991349301457368,0.));
#3384=DIRECTION('',(0.991349301457368,0.131249999999956,0.));
#3385=DIRECTION('',(0.,0.,1.));
#3386=DIRECTION('',(1.,0.,0.));
#3387=DIRECTION('',(0.999984930660555,0.00548984988915856,0.));
#3388=DIRECTION('',(0.,0.,-1.));
#3389=DIRECTION('',(-0.999984930660555,-0.00548984988915856,0.));
#3390=DIRECTION('',(-0.00548984988915856,0.999984930660555,0.));
#3391=DIRECTION('',(-0.999984930660555,-0.00548984988915856,0.));
#3392=DIRECTION('',(0.,0.,-1.));
#3393=DIRECTION('',(0.,0.,-1.));
#3394=DIRECTION('',(-1.,0.,0.));
#3395=DIRECTION('',(0.999984930660555,-0.00548984988915841,0.));
#3396=DIRECTION('',(-0.999984930660555,0.00548984988915841,0.));
#3397=DIRECTION('',(-0.00548984988915841,-0.999984930660555,0.));
#3398=DIRECTION('',(0.999984930660555,-0.00548984988915841,0.));
#3399=DIRECTION('',(-0.999984930660555,-0.00548984988915856,0.));
#3400=DIRECTION('',(0.00548984988915856,-0.999984930660554,0.));
#3401=DIRECTION('',(-0.999984930660555,-0.00548984988915856,0.));
#3402=DIRECTION('',(0.00548984988915856,-0.999984930660554,0.));
#3403=DIRECTION('',(0.999984930660555,-0.00548984988915841,0.));
#3404=DIRECTION('',(0.0054898498891584,0.999984930660554,0.));
#3405=DIRECTION('',(0.999984930660555,-0.00548984988915841,0.));
#3406=DIRECTION('',(0.00548984988915646,0.999984930660554,0.));
#3407=DIRECTION('',(0.,0.,-1.));
#3408=DIRECTION('',(-0.00548984988915877,0.999984930660555,0.));
#3409=DIRECTION('',(0.,0.,-1.));
#3410=DIRECTION('',(-0.999984930660555,-0.00548984988915877,0.));
#3411=DIRECTION('',(0.00548984988915877,-0.999984930660555,0.));
#3412=DIRECTION('',(0.,0.,-1.));
#3413=DIRECTION('',(-0.999984930660555,-0.00548984988915853,0.));
#3414=DIRECTION('',(0.00548984988915853,-0.999984930660555,0.));
#3415=DIRECTION('',(0.999984930660555,0.00548984988915853,0.));
#3416=DIRECTION('',(0.,0.,-1.));
#3417=DIRECTION('',(0.00548984988915877,-0.999984930660555,0.));
#3418=DIRECTION('',(0.999984930660555,0.00548984988915877,0.));
#3419=DIRECTION('',(-0.00548984988915877,0.999984930660555,0.));
#3420=DIRECTION('',(0.999984930660555,0.00548984988915861,0.));
#3421=DIRECTION('',(-0.00548984988915861,0.999984930660555,0.));
#3422=DIRECTION('',(-0.999984930660555,-0.00548984988915861,0.));
#3423=DIRECTION('',(0.,0.,1.));
#3424=DIRECTION('',(1.,0.,0.));
#3425=DIRECTION('',(0.,0.,-1.));
#3426=DIRECTION('',(-0.00548984988915877,0.999984930660555,0.));
#3427=DIRECTION('',(0.,0.,-1.));
#3428=DIRECTION('',(-0.999984930660555,-0.00548984988915877,0.));
#3429=DIRECTION('',(0.00548984988915877,-0.999984930660555,0.));
#3430=DIRECTION('',(0.,0.,-1.));
#3431=DIRECTION('',(-0.999984930660555,-0.00548984988915853,0.));
#3432=DIRECTION('',(0.00548984988915853,-0.999984930660555,0.));
#3433=DIRECTION('',(0.999984930660555,0.00548984988915854,0.));
#3434=DIRECTION('',(0.,0.,-1.));
#3435=DIRECTION('',(0.00548984988915646,-0.999984930660555,0.));
#3436=DIRECTION('',(0.999984930660555,0.00548984988915645,0.));
#3437=DIRECTION('',(-0.00548984988915646,0.999984930660555,0.));
#3438=DIRECTION('',(0.999984930660555,0.00548984988915861,0.));
#3439=DIRECTION('',(-0.00548984988915861,0.999984930660555,0.));
#3440=DIRECTION('',(-0.999984930660555,-0.00548984988915861,0.));
#3441=DIRECTION('',(0.,0.,1.));
#3442=DIRECTION('',(1.,0.,0.));
#3443=DIRECTION('',(0.,0.,-1.));
#3444=DIRECTION('',(-0.00548984988916108,0.999984930660555,0.));
#3445=DIRECTION('',(0.,0.,-1.));
#3446=DIRECTION('',(-0.999984930660555,-0.00548984988916108,0.));
#3447=DIRECTION('',(0.00548984988916108,-0.999984930660555,0.));
#3448=DIRECTION('',(0.,0.,-1.));
#3449=DIRECTION('',(-0.999984930660555,-0.00548984988915853,0.));
#3450=DIRECTION('',(0.00548984988915853,-0.999984930660555,0.));
#3451=DIRECTION('',(0.999984930660555,0.00548984988915854,0.));
#3452=DIRECTION('',(0.,0.,-1.));
#3453=DIRECTION('',(0.00548984988915646,-0.999984930660555,0.));
#3454=DIRECTION('',(0.999984930660555,0.00548984988915645,0.));
#3455=DIRECTION('',(-0.00548984988915646,0.999984930660555,0.));
#3456=DIRECTION('',(0.999984930660555,0.00548984988915861,0.));
#3457=DIRECTION('',(-0.0054898498891586,0.999984930660555,0.));
#3458=DIRECTION('',(-0.999984930660555,-0.00548984988915861,0.));
#3459=DIRECTION('',(0.,0.,1.));
#3460=DIRECTION('',(1.,0.,0.));
#3461=DIRECTION('',(0.,0.,-1.));
#3462=DIRECTION('',(-0.00548984988915646,0.999984930660555,0.));
#3463=DIRECTION('',(0.,0.,-1.));
#3464=DIRECTION('',(-0.999984930660555,-0.00548984988915646,0.));
#3465=DIRECTION('',(0.00548984988915646,-0.999984930660555,0.));
#3466=DIRECTION('',(0.,0.,-1.));
#3467=DIRECTION('',(-0.999984930660555,-0.00548984988915853,0.));
#3468=DIRECTION('',(0.00548984988915853,-0.999984930660555,0.));
#3469=DIRECTION('',(0.999984930660555,0.00548984988915853,0.));
#3470=DIRECTION('',(0.,0.,-1.));
#3471=DIRECTION('',(0.00548984988916571,-0.999984930660555,0.));
#3472=DIRECTION('',(0.999984930660555,0.00548984988916571,0.));
#3473=DIRECTION('',(-0.0054898498891657,0.999984930660555,0.));
#3474=DIRECTION('',(0.999984930660555,0.00548984988915861,0.));
#3475=DIRECTION('',(-0.00548984988915861,0.999984930660555,0.));
#3476=DIRECTION('',(-0.999984930660555,-0.00548984988915861,0.));
#3477=DIRECTION('',(0.,0.,1.));
#3478=DIRECTION('',(1.,0.,0.));
#3479=DIRECTION('',(0.,0.,1.));
#3480=DIRECTION('',(-0.00548984988915877,0.999984930660555,0.));
#3481=DIRECTION('',(0.,0.,1.));
#3482=DIRECTION('',(0.999984930660555,0.00548984988915877,0.));
#3483=DIRECTION('',(-0.00548984988915877,0.999984930660555,0.));
#3484=DIRECTION('',(-0.999984930660555,-0.00548984988915855,0.));
#3485=DIRECTION('',(0.,0.,1.));
#3486=DIRECTION('',(-0.00548984988915855,0.999984930660555,0.));
#3487=DIRECTION('',(-0.999984930660555,-0.00548984988915855,0.));
#3488=DIRECTION('',(0.00548984988915877,-0.999984930660555,0.));
#3489=DIRECTION('',(0.,0.,1.));
#3490=DIRECTION('',(-0.999984930660555,-0.00548984988915877,0.));
#3491=DIRECTION('',(0.00548984988915877,-0.999984930660555,0.));
#3492=DIRECTION('',(0.999984930660555,0.00548984988915861,0.));
#3493=DIRECTION('',(0.00548984988915861,-0.999984930660555,0.));
#3494=DIRECTION('',(0.999984930660555,0.00548984988915861,0.));
#3495=DIRECTION('',(0.,0.,1.));
#3496=DIRECTION('',(1.,0.,0.));
#3497=DIRECTION('',(0.,0.,1.));
#3498=DIRECTION('',(-0.00548984988915877,0.999984930660555,0.));
#3499=DIRECTION('',(0.,0.,1.));
#3500=DIRECTION('',(0.999984930660555,0.00548984988915877,0.));
#3501=DIRECTION('',(-0.00548984988915877,0.999984930660555,0.));
#3502=DIRECTION('',(-0.999984930660555,-0.00548984988915855,0.));
#3503=DIRECTION('',(0.,0.,1.));
#3504=DIRECTION('',(-0.00548984988915855,0.999984930660555,0.));
#3505=DIRECTION('',(-0.999984930660555,-0.00548984988915855,0.));
#3506=DIRECTION('',(0.00548984988915645,-0.999984930660555,0.));
#3507=DIRECTION('',(0.,0.,1.));
#3508=DIRECTION('',(-0.999984930660555,-0.00548984988915645,0.));
#3509=DIRECTION('',(0.00548984988915646,-0.999984930660555,0.));
#3510=DIRECTION('',(0.999984930660555,0.00548984988915861,0.));
#3511=DIRECTION('',(0.00548984988915861,-0.999984930660555,0.));
#3512=DIRECTION('',(0.999984930660555,0.00548984988915861,0.));
#3513=DIRECTION('',(0.,0.,1.));
#3514=DIRECTION('',(1.,0.,0.));
#3515=DIRECTION('',(0.,0.,1.));
#3516=DIRECTION('',(-0.00548984988916108,0.999984930660555,0.));
#3517=DIRECTION('',(0.,0.,1.));
#3518=DIRECTION('',(0.999984930660555,0.00548984988916108,0.));
#3519=DIRECTION('',(-0.00548984988916108,0.999984930660555,0.));
#3520=DIRECTION('',(-0.999984930660555,-0.00548984988915854,0.));
#3521=DIRECTION('',(0.,0.,1.));
#3522=DIRECTION('',(-0.00548984988915854,0.999984930660555,0.));
#3523=DIRECTION('',(-0.999984930660555,-0.00548984988915854,0.));
#3524=DIRECTION('',(0.00548984988915645,-0.999984930660555,0.));
#3525=DIRECTION('',(0.,0.,1.));
#3526=DIRECTION('',(-0.999984930660555,-0.00548984988915645,0.));
#3527=DIRECTION('',(0.00548984988915645,-0.999984930660555,0.));
#3528=DIRECTION('',(0.999984930660555,0.0054898498891586,0.));
#3529=DIRECTION('',(0.0054898498891586,-0.999984930660555,0.));
#3530=DIRECTION('',(0.999984930660555,0.0054898498891586,0.));
#3531=DIRECTION('',(0.,0.,1.));
#3532=DIRECTION('',(1.,0.,0.));
#3533=DIRECTION('',(0.,0.,1.));
#3534=DIRECTION('',(-0.00548984988915645,0.999984930660555,0.));
#3535=DIRECTION('',(0.,0.,1.));
#3536=DIRECTION('',(0.999984930660555,0.00548984988915645,0.));
#3537=DIRECTION('',(-0.00548984988915646,0.999984930660555,0.));
#3538=DIRECTION('',(-0.999984930660555,-0.00548984988915854,0.));
#3539=DIRECTION('',(0.,0.,1.));
#3540=DIRECTION('',(-0.00548984988915854,0.999984930660555,0.));
#3541=DIRECTION('',(-0.999984930660555,-0.00548984988915854,0.));
#3542=DIRECTION('',(0.00548984988916571,-0.999984930660555,0.));
#3543=DIRECTION('',(0.,0.,1.));
#3544=DIRECTION('',(-0.999984930660555,-0.00548984988916571,0.));
#3545=DIRECTION('',(0.0054898498891657,-0.999984930660555,0.));
#3546=DIRECTION('',(0.999984930660555,0.00548984988915861,0.));
#3547=DIRECTION('',(0.00548984988915861,-0.999984930660555,0.));
#3548=DIRECTION('',(0.999984930660555,0.00548984988915861,0.));
#3549=DIRECTION('',(0.,0.,1.));
#3550=DIRECTION('',(1.,0.,0.));
#3551=DIRECTION('',(1.5404344466674E-15,-1.,1.10980876834784E-17));
#3552=DIRECTION('',(1.42537964198797E-15,-1.10980876834762E-17,-1.));
#3553=DIRECTION('',(1.5404344466674E-15,-1.,1.38777878078146E-17));
#3554=DIRECTION('',(1.,1.5404344466674E-15,7.30553727716473E-17));
#3555=DIRECTION('',(1.55431223447522E-15,-1.,1.38777878078169E-17));
#3556=DIRECTION('',(1.45716771982052E-15,-1.38777878078147E-17,-1.));
#3557=DIRECTION('',(0.,-1.,1.45716771982052E-15));
#3558=DIRECTION('',(1.,0.,0.));
#3559=CARTESIAN_POINT('',(0.,0.,0.));
#3560=CARTESIAN_POINT('',(6.,6.,29.));
#3561=CARTESIAN_POINT('',(8.5,6.,29.));
#3562=CARTESIAN_POINT('',(6.,6.,26.));
#3563=CARTESIAN_POINT('',(8.5,6.,26.));
#3564=CARTESIAN_POINT('',(6.,6.,29.));
#3565=CARTESIAN_POINT('',(6.,6.,29.));
#3566=CARTESIAN_POINT('',(6.75,6.,29.));
#3567=CARTESIAN_POINT('',(6.,6.,29.));
#3568=CARTESIAN_POINT('',(6.,6.,22.));
#3569=CARTESIAN_POINT('',(11.4750000000029,8.45446022578665,22.));
#3570=CARTESIAN_POINT('',(6.,12.,22.));
#3571=CARTESIAN_POINT('',(11.,6.,22.));
#3572=CARTESIAN_POINT('',(11.4750000000029,3.54553977421335,22.));
#3573=CARTESIAN_POINT('',(6.,6.,22.));
#3574=CARTESIAN_POINT('',(6.,0.,22.));
#3575=CARTESIAN_POINT('',(0.,0.,22.));
#3576=CARTESIAN_POINT('',(22.,0.,22.));
#3577=CARTESIAN_POINT('',(22.,0.,22.));
#3578=CARTESIAN_POINT('',(22.,12.,22.));
#3579=CARTESIAN_POINT('',(22.,12.,22.));
#3580=CARTESIAN_POINT('',(0.,0.,22.));
#3581=CARTESIAN_POINT('',(6.,6.,22.));
#3582=CARTESIAN_POINT('',(0.,6.,22.));
#3583=CARTESIAN_POINT('',(22.,12.,22.));
#3584=CARTESIAN_POINT('',(-3.9260735619724E-16,12.,22.));
#3585=CARTESIAN_POINT('',(-3.9260735619724E-16,12.,22.));
#3586=CARTESIAN_POINT('',(0.,0.,22.));
#3587=CARTESIAN_POINT('',(0.,12.,16.));
#3588=CARTESIAN_POINT('',(-3.9260735619724E-16,12.,16.));
#3589=CARTESIAN_POINT('',(0.,0.,16.));
#3590=CARTESIAN_POINT('',(-3.9260735619724E-16,12.,22.));
#3591=CARTESIAN_POINT('',(-3.9260735619724E-16,12.,0.));
#3592=CARTESIAN_POINT('',(-3.9260735619724E-16,12.,0.));
#3593=CARTESIAN_POINT('',(4.81482486096809E-32,0.,0.));
#3594=CARTESIAN_POINT('',(4.81482486096809E-32,0.,22.));
#3595=CARTESIAN_POINT('',(-3.9260735619724E-16,12.,22.));
#3596=CARTESIAN_POINT('',(22.,12.,18.));
#3597=CARTESIAN_POINT('',(22.,12.,18.));
#3598=CARTESIAN_POINT('',(22.,0.,18.));
#3599=CARTESIAN_POINT('',(22.,12.,22.));
#3600=CARTESIAN_POINT('',(22.,0.,22.));
#3601=CARTESIAN_POINT('',(22.,0.,22.));
#3602=CARTESIAN_POINT('',(-3.9260735619724E-16,12.,22.));
#3603=CARTESIAN_POINT('',(-3.9260735619724E-16,12.,18.));
#3604=CARTESIAN_POINT('',(0.,12.,18.));
#3605=CARTESIAN_POINT('',(4.81482486096809E-32,0.,18.));
#3606=CARTESIAN_POINT('',(4.81482486096809E-32,0.,22.));
#3607=CARTESIAN_POINT('',(4.81482486096809E-32,0.,22.));
#3608=CARTESIAN_POINT('',(-3.9260735619724E-16,12.,22.));
#3609=CARTESIAN_POINT('',(-3.9260735619724E-16,12.,22.));
#3610=CARTESIAN_POINT('',(0.,0.,0.));
#3611=CARTESIAN_POINT('',(22.,0.,0.));
#3612=CARTESIAN_POINT('',(22.,0.,22.));
#3613=CARTESIAN_POINT('',(22.,0.,16.));
#3614=CARTESIAN_POINT('',(22.,0.,16.));
#3615=CARTESIAN_POINT('',(27.,2.77555756156289E-16,16.));
#3616=CARTESIAN_POINT('',(27.,2.77555756156289E-16,16.));
#3617=CARTESIAN_POINT('',(27.,2.77555756156289E-16,18.));
#3618=CARTESIAN_POINT('',(22.,0.,18.));
#3619=CARTESIAN_POINT('',(0.,0.,22.));
#3620=CARTESIAN_POINT('',(0.,0.,18.));
#3621=CARTESIAN_POINT('',(-5.00000000000001,2.77555756156289E-16,18.));
#3622=CARTESIAN_POINT('',(-5.00000000000001,2.77555756156289E-16,16.));
#3623=CARTESIAN_POINT('',(-5.00000000000001,2.77555756156289E-16,16.));
#3624=CARTESIAN_POINT('',(0.,0.,16.));
#3625=CARTESIAN_POINT('',(0.,0.,22.));
#3626=CARTESIAN_POINT('',(22.,12.,22.));
#3627=CARTESIAN_POINT('',(22.,12.,16.));
#3628=CARTESIAN_POINT('',(22.,12.,0.));
#3629=CARTESIAN_POINT('',(22.,12.,16.));
#3630=CARTESIAN_POINT('',(22.,0.,0.));
#3631=CARTESIAN_POINT('',(22.,0.,22.));
#3632=CARTESIAN_POINT('',(22.,12.,0.));
#3633=CARTESIAN_POINT('',(-5.,12.,16.));
#3634=CARTESIAN_POINT('',(-5.,12.,16.));
#3635=CARTESIAN_POINT('',(-5.,12.,16.));
#3636=CARTESIAN_POINT('',(-5.,12.,18.));
#3637=CARTESIAN_POINT('',(-5.,12.,18.));
#3638=CARTESIAN_POINT('',(27.,12.,18.));
#3639=CARTESIAN_POINT('',(27.,12.,18.));
#3640=CARTESIAN_POINT('',(27.,12.,16.));
#3641=CARTESIAN_POINT('',(27.,12.,16.));
#3642=CARTESIAN_POINT('',(27.,12.,16.));
#3643=CARTESIAN_POINT('',(22.,12.,22.));
#3644=CARTESIAN_POINT('',(6.,6.,22.));
#3645=CARTESIAN_POINT('',(0.,0.,22.));
#3646=CARTESIAN_POINT('',(0.,0.,0.));
#3647=CARTESIAN_POINT('',(27.,0.,18.));
#3648=CARTESIAN_POINT('',(27.,5.5,18.));
#3649=CARTESIAN_POINT('',(27.,0.,16.));
#3650=CARTESIAN_POINT('',(27.,5.5,16.));
#3651=CARTESIAN_POINT('',(27.,5.5,16.));
#3652=CARTESIAN_POINT('',(27.,0.,16.));
#3653=CARTESIAN_POINT('',(27.,5.5,18.));
#3654=CARTESIAN_POINT('',(25.3660254037844,5.5,18.));
#3655=CARTESIAN_POINT('',(27.,5.5,16.));
#3656=CARTESIAN_POINT('',(25.3660254037844,5.5,16.));
#3657=CARTESIAN_POINT('',(25.3660254037844,5.5,16.));
#3658=CARTESIAN_POINT('',(27.,5.5,16.));
#3659=CARTESIAN_POINT('',(24.5,6.,18.));
#3660=CARTESIAN_POINT('',(25.3660254037829,6.50000000000266,18.));
#3661=CARTESIAN_POINT('',(24.5,6.,16.));
#3662=CARTESIAN_POINT('',(25.3660254037829,6.50000000000266,16.));
#3663=CARTESIAN_POINT('',(25.3660254037829,6.50000000000266,16.));
#3664=CARTESIAN_POINT('',(24.5,6.,16.));
#3665=CARTESIAN_POINT('',(25.3660254037844,6.5,18.));
#3666=CARTESIAN_POINT('',(27.,6.5,18.));
#3667=CARTESIAN_POINT('',(25.3660254037844,6.5,16.));
#3668=CARTESIAN_POINT('',(27.,6.5,16.));
#3669=CARTESIAN_POINT('',(27.,6.5,16.));
#3670=CARTESIAN_POINT('',(25.3660254037844,6.5,16.));
#3671=CARTESIAN_POINT('',(27.,6.5,18.));
#3672=CARTESIAN_POINT('',(27.,6.5,16.));
#3673=CARTESIAN_POINT('',(27.,6.5,16.));
#3674=CARTESIAN_POINT('',(24.5,6.,16.));
#3675=CARTESIAN_POINT('',(24.5,6.,18.));
#3676=CARTESIAN_POINT('',(-5.00000000000001,0.,18.));
#3677=CARTESIAN_POINT('',(-5.,5.5,18.));
#3678=CARTESIAN_POINT('',(-5.,5.5,16.));
#3679=CARTESIAN_POINT('',(-5.,5.5,16.));
#3680=CARTESIAN_POINT('',(-5.00000000000001,0.,16.));
#3681=CARTESIAN_POINT('',(-5.00000000000001,0.,16.));
#3682=CARTESIAN_POINT('',(-5.,5.5,18.));
#3683=CARTESIAN_POINT('',(-3.36602540378444,5.5,18.));
#3684=CARTESIAN_POINT('',(-3.36602540378444,5.5,16.));
#3685=CARTESIAN_POINT('',(-3.36602540378444,5.5,16.));
#3686=CARTESIAN_POINT('',(-5.,5.5,16.));
#3687=CARTESIAN_POINT('',(-5.,5.5,16.));
#3688=CARTESIAN_POINT('',(-2.5,6.,18.));
#3689=CARTESIAN_POINT('',(-3.3660254037829,6.50000000000266,18.));
#3690=CARTESIAN_POINT('',(-3.3660254037829,6.50000000000266,16.));
#3691=CARTESIAN_POINT('',(-3.3660254037829,6.50000000000266,16.));
#3692=CARTESIAN_POINT('',(-2.5,6.,16.));
#3693=CARTESIAN_POINT('',(-2.5,6.,16.));
#3694=CARTESIAN_POINT('',(-3.36602540378444,6.5,18.));
#3695=CARTESIAN_POINT('',(-5.,6.5,18.));
#3696=CARTESIAN_POINT('',(-5.,6.5,16.));
#3697=CARTESIAN_POINT('',(-5.,6.5,16.));
#3698=CARTESIAN_POINT('',(-3.36602540378444,6.5,16.));
#3699=CARTESIAN_POINT('',(-3.36602540378444,6.5,16.));
#3700=CARTESIAN_POINT('',(-5.,6.5,18.));
#3701=CARTESIAN_POINT('',(-5.,6.5,16.));
#3702=CARTESIAN_POINT('',(-5.,6.5,16.));
#3703=CARTESIAN_POINT('',(-2.5,6.,16.));
#3704=CARTESIAN_POINT('',(-2.5,6.,18.));
#3705=CARTESIAN_POINT('',(11.4750000000029,3.54553977421335,26.));
#3706=CARTESIAN_POINT('',(11.4750000000029,3.54553977421335,26.));
#3707=CARTESIAN_POINT('',(6.,6.,26.));
#3708=CARTESIAN_POINT('',(11.4750000000029,8.45446022578665,26.));
#3709=CARTESIAN_POINT('',(11.4750000000029,8.45446022578665,26.));
#3710=CARTESIAN_POINT('',(6.,6.,26.));
#3711=CARTESIAN_POINT('',(11.,6.,26.));
#3712=CARTESIAN_POINT('',(11.,6.,26.));
#3713=CARTESIAN_POINT('',(8.5,6.,26.));
#3714=CARTESIAN_POINT('',(6.,6.,24.));
#3715=CARTESIAN_POINT('',(6.75,6.,24.));
#3716=CARTESIAN_POINT('',(6.,6.,24.));
#3717=CARTESIAN_POINT('',(6.,6.,24.));
#3718=CARTESIAN_POINT('',(-0.403846153846155,-3.47662311503903,4.));
#3719=CARTESIAN_POINT('',(-0.403846153854313,-3.47662311503808,4.));
#3720=CARTESIAN_POINT('',(-13.2307692307692,-1.9866417800223,4.));
#3721=CARTESIAN_POINT('',(-13.2307692307692,-1.9866417800223,3.));
#3722=CARTESIAN_POINT('',(-13.2307692307692,-1.9866417800223,3.));
#3723=CARTESIAN_POINT('',(-0.403846153846155,-3.47662311503903,3.));
#3724=CARTESIAN_POINT('',(-0.403846153854313,-3.47662311503808,3.));
#3725=CARTESIAN_POINT('',(-0.403846153854313,-3.47662311503808,3.));
#3726=CARTESIAN_POINT('',(-0.403846153846155,-3.47662311503903,3.));
#3727=CARTESIAN_POINT('',(-13.,9.18485099360515E-16,4.));
#3728=CARTESIAN_POINT('',(-13.2307692307674,1.98664178002252,4.));
#3729=CARTESIAN_POINT('',(-13.2307692307674,1.98664178002252,3.));
#3730=CARTESIAN_POINT('',(-13.2307692307674,1.98664178002252,3.));
#3731=CARTESIAN_POINT('',(-13.,9.18485099360515E-16,3.));
#3732=CARTESIAN_POINT('',(-13.,9.18485099360515E-16,3.));
#3733=CARTESIAN_POINT('',(-13.2307692307692,1.9866417800223,4.));
#3734=CARTESIAN_POINT('',(-0.403846153854312,3.47662311503808,4.));
#3735=CARTESIAN_POINT('',(-0.403846153854312,3.47662311503808,3.));
#3736=CARTESIAN_POINT('',(-0.403846153854312,3.47662311503808,3.));
#3737=CARTESIAN_POINT('',(-13.2307692307692,1.9866417800223,3.));
#3738=CARTESIAN_POINT('',(-13.2307692307692,1.9866417800223,3.));
#3739=CARTESIAN_POINT('',(0.,0.,3.));
#3740=CARTESIAN_POINT('',(0.,0.,3.));
#3741=CARTESIAN_POINT('',(0.,0.,4.));
#3742=CARTESIAN_POINT('',(0.403846153854313,-3.47662311503808,4.));
#3743=CARTESIAN_POINT('',(0.403846153846155,-3.47662311503903,4.));
#3744=CARTESIAN_POINT('',(13.2307692307692,-1.9866417800223,4.));
#3745=CARTESIAN_POINT('',(13.,9.18485099360515E-16,4.));
#3746=CARTESIAN_POINT('',(13.2307692307674,1.98664178002252,4.));
#3747=CARTESIAN_POINT('',(13.2307692307692,1.9866417800223,4.));
#3748=CARTESIAN_POINT('',(0.403846153854312,3.47662311503808,4.));
#3749=CARTESIAN_POINT('',(0.,0.,4.));
#3750=CARTESIAN_POINT('',(0.,0.,4.));
#3751=CARTESIAN_POINT('',(2.5,0.,4.));
#3752=CARTESIAN_POINT('',(0.,0.,4.));
#3753=CARTESIAN_POINT('',(0.,0.,-1.53080849893419E-16));
#3754=CARTESIAN_POINT('',(-3.5,0.,-1.53080849893419E-16));
#3755=CARTESIAN_POINT('',(0.403846153854312,3.47662311503808,3.));
#3756=CARTESIAN_POINT('',(0.403846153854312,3.47662311503808,3.));
#3757=CARTESIAN_POINT('',(0.,0.,3.));
#3758=CARTESIAN_POINT('',(0.403846153854313,-3.47662311503808,3.));
#3759=CARTESIAN_POINT('',(0.403846153854313,-3.47662311503808,3.));
#3760=CARTESIAN_POINT('',(0.,0.,0.));
#3761=CARTESIAN_POINT('',(0.403846153846155,-3.47662311503903,3.));
#3762=CARTESIAN_POINT('',(13.2307692307692,-1.9866417800223,3.));
#3763=CARTESIAN_POINT('',(13.2307692307692,-1.9866417800223,3.));
#3764=CARTESIAN_POINT('',(0.403846153846155,-3.47662311503903,3.));
#3765=CARTESIAN_POINT('',(13.,9.18485099360515E-16,3.));
#3766=CARTESIAN_POINT('',(13.2307692307674,1.98664178002252,3.));
#3767=CARTESIAN_POINT('',(13.2307692307674,1.98664178002252,3.));
#3768=CARTESIAN_POINT('',(13.,9.18485099360515E-16,3.));
#3769=CARTESIAN_POINT('',(13.2307692307692,1.9866417800223,3.));
#3770=CARTESIAN_POINT('',(13.2307692307692,1.9866417800223,3.));
#3771=CARTESIAN_POINT('',(0.,0.,3.));
#3772=CARTESIAN_POINT('',(0.,0.,2.));
#3773=CARTESIAN_POINT('',(-1.5,0.,2.));
#3774=CARTESIAN_POINT('',(0.,0.,3.));
#3775=CARTESIAN_POINT('',(1.5,0.,3.));
#3776=CARTESIAN_POINT('',(0.,0.,0.));
#3777=CARTESIAN_POINT('',(0.,0.,2.));
#3778=CARTESIAN_POINT('',(-2.5,0.,2.));
#3779=CARTESIAN_POINT('',(0.,1.5,2.));
#3780=CARTESIAN_POINT('',(0.,0.,-4.33680868994202E-16));
#3781=CARTESIAN_POINT('',(-2.5,0.,-4.33680868994202E-16));
#3782=CARTESIAN_POINT('',(0.,0.,0.));
#3783=CARTESIAN_POINT('',(0.,2.5,-2.93380859443811E-16));
#3784=CARTESIAN_POINT('',(0.,0.,3.));
#3785=CARTESIAN_POINT('',(2.5,0.,3.));
#3786=CARTESIAN_POINT('',(0.,0.,3.));
#3787=CARTESIAN_POINT('',(0.,0.,3.));
#3788=CARTESIAN_POINT('',(2.5,10.,1.73472347597681E-15));
#3789=CARTESIAN_POINT('',(27.2,10.,1.73472347597681E-15));
#3790=CARTESIAN_POINT('',(6.00000000000001,10.,1.73472347597681E-15));
#3791=CARTESIAN_POINT('',(6.00000000000001,16.,0.));
#3792=CARTESIAN_POINT('',(8.6084985294012E-15,16.,-3.00614234360044E-15));
#3793=CARTESIAN_POINT('',(3.73034936274053E-14,36.,2.8421709430404E-14));
#3794=CARTESIAN_POINT('',(2.8694995098004E-14,30.,1.89933538982026E-14));
#3795=CARTESIAN_POINT('',(5.,30.,0.));
#3796=CARTESIAN_POINT('',(3.8,30.,0.));
#3797=CARTESIAN_POINT('',(6.15,27.65,1.73472347597681E-15));
#3798=CARTESIAN_POINT('',(4.8,29.,0.));
#3799=CARTESIAN_POINT('',(4.8,18.,0.));
#3800=CARTESIAN_POINT('',(4.80000000000001,17.8,0.));
#3801=CARTESIAN_POINT('',(27.,17.8,0.));
#3802=CARTESIAN_POINT('',(27.2,17.8,0.));
#3803=CARTESIAN_POINT('',(27.2,10.,0.));
#3804=CARTESIAN_POINT('',(2.78284271247462,25.2727922061358,1.73472347597681E-15));
#3805=CARTESIAN_POINT('',(3.27781745930418,24.7778174593062,1.73472347597681E-15));
#3806=CARTESIAN_POINT('',(2.5,25.5556349186104,1.73472347597681E-15));
#3807=CARTESIAN_POINT('',(1.72218254069443,24.7778174593048,1.73472347597681E-15));
#3808=CARTESIAN_POINT('',(1.72218254069443,24.7778174593048,1.73472347597681E-15));
#3809=CARTESIAN_POINT('',(2.5,24.,1.73472347597681E-15));
#3810=CARTESIAN_POINT('',(2.5,24.,1.73472347597681E-15));
#3811=CARTESIAN_POINT('',(2.5,10.,6.));
#3812=CARTESIAN_POINT('',(32.,10.,6.00000000000001));
#3813=CARTESIAN_POINT('',(6.00000000000001,10.,6.));
#3814=CARTESIAN_POINT('',(6.00000000000001,10.,-1.38777878078145E-14));
#3815=CARTESIAN_POINT('',(27.2,10.,-18.));
#3816=CARTESIAN_POINT('',(27.2,10.,-18.));
#3817=CARTESIAN_POINT('',(32.,10.,-18.));
#3818=CARTESIAN_POINT('',(32.,10.,-18.));
#3819=CARTESIAN_POINT('',(32.,10.,50.));
#3820=CARTESIAN_POINT('',(-12.7,10.,-50.));
#3821=CARTESIAN_POINT('',(2.5,24.,6.));
#3822=CARTESIAN_POINT('',(2.00502525316905,24.4949747468302,6.));
#3823=CARTESIAN_POINT('',(2.99497474682957,24.4949747468316,6.));
#3824=CARTESIAN_POINT('',(2.5,24.9899494936612,6.));
#3825=CARTESIAN_POINT('',(2.5,24.9899494936612,6.));
#3826=CARTESIAN_POINT('',(2.99497474682913,24.494974746832,6.));
#3827=CARTESIAN_POINT('',(29.5,24.,6.));
#3828=CARTESIAN_POINT('',(29.0050252531691,24.4949747468302,6.));
#3829=CARTESIAN_POINT('',(29.9949747468296,24.4949747468316,6.));
#3830=CARTESIAN_POINT('',(29.5,24.9899494936612,6.));
#3831=CARTESIAN_POINT('',(29.5,24.9899494936612,6.));
#3832=CARTESIAN_POINT('',(29.9949747468291,24.494974746832,6.));
#3833=CARTESIAN_POINT('',(1.99493199737333E-14,24.,6.));
#3834=CARTESIAN_POINT('',(2.77555756156289E-14,30.,6.));
#3835=CARTESIAN_POINT('',(8.47132193453169E-15,16.,6.));
#3836=CARTESIAN_POINT('',(6.00000000000001,16.,6.00000000000001));
#3837=CARTESIAN_POINT('',(32.,24.,6.));
#3838=CARTESIAN_POINT('',(32.,30.,6.));
#3839=CARTESIAN_POINT('',(2.5,30.,6.));
#3840=CARTESIAN_POINT('',(28.2,30.,6.));
#3841=CARTESIAN_POINT('',(27.2,29.,6.));
#3842=CARTESIAN_POINT('',(27.2,29.,6.));
#3843=CARTESIAN_POINT('',(27.2,30.,6.));
#3844=CARTESIAN_POINT('',(27.2,17.8,6.));
#3845=CARTESIAN_POINT('',(37.,17.8,6.));
#3846=CARTESIAN_POINT('',(4.80000000000001,17.8,6.));
#3847=CARTESIAN_POINT('',(4.8,18.,6.));
#3848=CARTESIAN_POINT('',(4.8,29.,6.));
#3849=CARTESIAN_POINT('',(3.8,30.,6.));
#3850=CARTESIAN_POINT('',(3.8,30.,6.));
#3851=CARTESIAN_POINT('',(-9.20000000000002,30.,6.));
#3852=CARTESIAN_POINT('',(2.5,24.,6.));
#3853=CARTESIAN_POINT('',(27.2,17.8,1.24344978758018E-14));
#3854=CARTESIAN_POINT('',(32.,17.8,1.24344978758018E-14));
#3855=CARTESIAN_POINT('',(27.2,30.,0.));
#3856=CARTESIAN_POINT('',(27.2,29.,0.));
#3857=CARTESIAN_POINT('',(12.35,14.15,1.73472347597681E-15));
#3858=CARTESIAN_POINT('',(28.2,30.,0.));
#3859=CARTESIAN_POINT('',(32.,30.,0.));
#3860=CARTESIAN_POINT('',(32.,30.,0.));
#3861=CARTESIAN_POINT('',(32.,10.,-1.24344978758018E-14));
#3862=CARTESIAN_POINT('',(29.7828427124746,25.2727922061358,1.73472347597681E-15));
#3863=CARTESIAN_POINT('',(30.2778174593042,24.7778174593062,1.73472347597681E-15));
#3864=CARTESIAN_POINT('',(29.5,25.5556349186104,1.73472347597681E-15));
#3865=CARTESIAN_POINT('',(28.7221825406944,24.7778174593048,1.73472347597681E-15));
#3866=CARTESIAN_POINT('',(28.7221825406944,24.7778174593048,1.73472347597681E-15));
#3867=CARTESIAN_POINT('',(29.5,24.,1.73472347597681E-15));
#3868=CARTESIAN_POINT('',(2.5,24.,1.73472347597681E-15));
#3869=CARTESIAN_POINT('',(27.2,17.8,9.));
#3870=CARTESIAN_POINT('',(4.80000000000001,17.8,9.));
#3871=CARTESIAN_POINT('',(-1.,17.8,17.));
#3872=CARTESIAN_POINT('',(2.99497474682957,24.4949747468316,2.60208521396521E-15));
#3873=CARTESIAN_POINT('',(2.99497474682957,24.4949747468316,0.400000000000002));
#3874=CARTESIAN_POINT('',(2.5,24.,0.400000000000002));
#3875=CARTESIAN_POINT('',(2.00502525316905,24.4949747468302,0.400000000000002));
#3876=CARTESIAN_POINT('',(2.00502525316905,24.4949747468302,2.60208521396521E-15));
#3877=CARTESIAN_POINT('',(2.5,24.,2.60208521396521E-15));
#3878=CARTESIAN_POINT('',(2.5,24.9899494936612,2.60208521396521E-15));
#3879=CARTESIAN_POINT('',(2.5,24.9899494936612,0.400000000000002));
#3880=CARTESIAN_POINT('',(2.99497474682957,24.4949747468316,0.400000000000002));
#3881=CARTESIAN_POINT('',(2.99497474682913,24.494974746832,2.60208521396521E-15));
#3882=CARTESIAN_POINT('',(2.5,24.9899494936612,0.400000000000002));
#3883=CARTESIAN_POINT('',(2.5,24.9899494936612,2.60208521396521E-15));
#3884=CARTESIAN_POINT('',(29.9949747468296,24.4949747468316,2.60208521396521E-15));
#3885=CARTESIAN_POINT('',(29.9949747468296,24.4949747468316,0.400000000000002));
#3886=CARTESIAN_POINT('',(29.5,24.,0.400000000000002));
#3887=CARTESIAN_POINT('',(29.0050252531691,24.4949747468302,0.400000000000002));
#3888=CARTESIAN_POINT('',(29.0050252531691,24.4949747468302,2.60208521396521E-15));
#3889=CARTESIAN_POINT('',(29.5,24.,2.60208521396521E-15));
#3890=CARTESIAN_POINT('',(29.5,24.9899494936612,2.60208521396521E-15));
#3891=CARTESIAN_POINT('',(29.5,24.9899494936612,0.400000000000002));
#3892=CARTESIAN_POINT('',(29.9949747468296,24.4949747468316,0.400000000000002));
#3893=CARTESIAN_POINT('',(29.9949747468291,24.494974746832,2.60208521396521E-15));
#3894=CARTESIAN_POINT('',(29.5,24.9899494936612,0.400000000000002));
#3895=CARTESIAN_POINT('',(29.5,24.9899494936612,2.60208521396521E-15));
#3896=CARTESIAN_POINT('',(32.,30.,9.));
#3897=CARTESIAN_POINT('',(28.2,30.,9.));
#3898=CARTESIAN_POINT('',(32.,30.,9.));
#3899=CARTESIAN_POINT('',(27.2,29.,9.));
#3900=CARTESIAN_POINT('',(27.2,30.,9.));
#3901=CARTESIAN_POINT('',(4.8,29.,9.));
#3902=CARTESIAN_POINT('',(4.8,18.,9.));
#3903=CARTESIAN_POINT('',(2.86229373536173E-14,30.,9.));
#3904=CARTESIAN_POINT('',(3.8,30.,9.));
#3905=CARTESIAN_POINT('',(5.,30.,9.));
#3906=CARTESIAN_POINT('',(2.5,25.5556349186104,0.400000000000002));
#3907=CARTESIAN_POINT('',(3.27781745930419,24.7778174593062,0.400000000000002));
#3908=CARTESIAN_POINT('',(3.2778174593052,24.7778174593052,0.400000000000002));
#3909=CARTESIAN_POINT('',(1.72218254069422,24.7778174593046,0.400000000000002));
#3910=CARTESIAN_POINT('',(2.5,24.,0.400000000000002));
#3911=CARTESIAN_POINT('',(1.7221825406948,24.7778174593052,0.400000000000002));
#3912=CARTESIAN_POINT('',(29.5,25.5556349186104,0.400000000000002));
#3913=CARTESIAN_POINT('',(30.2778174593042,24.7778174593062,0.400000000000002));
#3914=CARTESIAN_POINT('',(16.7778174593053,38.2778174593052,0.400000000000002));
#3915=CARTESIAN_POINT('',(28.7221825406942,24.7778174593046,0.400000000000002));
#3916=CARTESIAN_POINT('',(29.5,24.,0.400000000000002));
#3917=CARTESIAN_POINT('',(15.2221825406949,11.2778174593052,0.400000000000002));
#3918=CARTESIAN_POINT('',(27.2,29.,9.));
#3919=CARTESIAN_POINT('',(3.8,30.,9.));
#3920=CARTESIAN_POINT('',(8.67361737988404E-15,16.,6.00000000000001));
#3921=CARTESIAN_POINT('',(3.73034936274053E-14,36.,50.));
#3922=CARTESIAN_POINT('',(32.,13.9000000000001,-14.));
#3923=CARTESIAN_POINT('',(32.,12.4000000000001,-14.));
#3924=CARTESIAN_POINT('',(32.,13.9,-4.));
#3925=CARTESIAN_POINT('',(32.,12.4,-4.));
#3926=CARTESIAN_POINT('',(32.,17.8,-18.));
#3927=CARTESIAN_POINT('',(32.,17.8,-18.));
#3928=CARTESIAN_POINT('',(32.,17.8,-18.));
#3929=CARTESIAN_POINT('',(32.,10.,50.));
#3930=CARTESIAN_POINT('',(27.2,13.9000000000001,-14.));
#3931=CARTESIAN_POINT('',(27.2,16.4000000000001,-14.));
#3932=CARTESIAN_POINT('',(27.2,13.9,-4.));
#3933=CARTESIAN_POINT('',(27.2,16.4,-4.));
#3934=CARTESIAN_POINT('',(27.2,17.8,-18.));
#3935=CARTESIAN_POINT('',(27.2,17.8,-18.));
#3936=CARTESIAN_POINT('',(27.2,10.,-18.));
#3937=CARTESIAN_POINT('',(27.2,10.,-18.));
#3938=CARTESIAN_POINT('',(27.2,17.8,-18.));
#3939=CARTESIAN_POINT('',(27.2,17.8,-18.));
#3940=CARTESIAN_POINT('',(5.51071014520002E-44,2.5413664928225E-29,-18.));
#3941=CARTESIAN_POINT('',(28.2,13.9,-4.));
#3942=CARTESIAN_POINT('',(28.2,13.9,-5.5));
#3943=CARTESIAN_POINT('',(45.2000000000001,13.9,-4.));
#3944=CARTESIAN_POINT('',(28.2,13.9000000000001,-14.));
#3945=CARTESIAN_POINT('',(28.2,13.9000000000001,-15.5));
#3946=CARTESIAN_POINT('',(45.2000000000001,13.9000000000001,-14.));
#3947=CARTESIAN_POINT('',(28.2,13.9000000000001,-14.));
#3948=CARTESIAN_POINT('',(28.2,13.9,-4.));
#3949=CARTESIAN_POINT('',(6.00000000000001,16.,-50.));
#3950=CARTESIAN_POINT('',(140.,1.23414361501887E-14,0.));
#3951=CARTESIAN_POINT('',(143.099356787441,-4.21446952127361,0.));
#3952=CARTESIAN_POINT('',(143.099356787441,4.21446952127363,0.));
#3953=CARTESIAN_POINT('',(0.0274492494457658,-4.99992465330277,0.));
#3954=CARTESIAN_POINT('',(-6.90000698437427,-5.03795592124625,0.));
#3955=CARTESIAN_POINT('',(-0.774374999999648,-5.84896087859778,0.));
#3956=CARTESIAN_POINT('',(-13.9322964487163,-4.10691376401902,0.));
#3957=CARTESIAN_POINT('',(-13.3885603198514,3.46944695195361E-15,0.));
#3958=CARTESIAN_POINT('',(-13.9322964487162,4.10691376401903,0.));
#3959=CARTESIAN_POINT('',(-0.77437499999965,5.84896087859778,0.));
#3960=CARTESIAN_POINT('',(-6.90000698437433,5.03795592124625,0.));
#3961=CARTESIAN_POINT('',(140.023229866193,4.23135725079821,0.));
#3962=CARTESIAN_POINT('',(0.,0.,0.));
#3963=CARTESIAN_POINT('',(-3.85,0.,0.));
#3964=CARTESIAN_POINT('',(39.3362301543976,1.71597585737571,0.));
#3965=CARTESIAN_POINT('',(39.3362301543976,1.71597585737571,0.));
#3966=CARTESIAN_POINT('',(21.8364938678378,1.61990348431544,0.));
#3967=CARTESIAN_POINT('',(21.8364938678378,1.61990348431544,0.));
#3968=CARTESIAN_POINT('',(21.8529634175053,-1.38005130766623,0.));
#3969=CARTESIAN_POINT('',(21.8529634175053,-1.38005130766623,0.));
#3970=CARTESIAN_POINT('',(39.352699704065,-1.28397893460596,0.));
#3971=CARTESIAN_POINT('',(39.352699704065,-1.28397893460596,0.));
#3972=CARTESIAN_POINT('',(69.3362301543976,1.71597585737571,0.));
#3973=CARTESIAN_POINT('',(69.3362301543976,1.71597585737571,0.));
#3974=CARTESIAN_POINT('',(51.8364938678378,1.61990348431544,0.));
#3975=CARTESIAN_POINT('',(51.8364938678378,1.61990348431544,0.));
#3976=CARTESIAN_POINT('',(51.8529634175053,-1.38005130766623,0.));
#3977=CARTESIAN_POINT('',(51.8529634175053,-1.38005130766623,0.));
#3978=CARTESIAN_POINT('',(69.352699704065,-1.28397893460596,0.));
#3979=CARTESIAN_POINT('',(69.352699704065,-1.28397893460596,0.));
#3980=CARTESIAN_POINT('',(99.3362301543976,1.71597585737571,0.));
#3981=CARTESIAN_POINT('',(99.3362301543976,1.71597585737571,0.));
#3982=CARTESIAN_POINT('',(81.8364938678378,1.61990348431544,0.));
#3983=CARTESIAN_POINT('',(81.8364938678378,1.61990348431544,0.));
#3984=CARTESIAN_POINT('',(81.8529634175053,-1.38005130766623,0.));
#3985=CARTESIAN_POINT('',(81.8529634175053,-1.38005130766623,0.));
#3986=CARTESIAN_POINT('',(99.3526997040651,-1.28397893460596,0.));
#3987=CARTESIAN_POINT('',(99.3526997040651,-1.28397893460596,0.));
#3988=CARTESIAN_POINT('',(129.336230154398,1.71597585737571,0.));
#3989=CARTESIAN_POINT('',(129.336230154398,1.71597585737571,0.));
#3990=CARTESIAN_POINT('',(111.836493867838,1.61990348431544,0.));
#3991=CARTESIAN_POINT('',(111.836493867838,1.61990348431544,0.));
#3992=CARTESIAN_POINT('',(111.852963417505,-1.38005130766623,0.));
#3993=CARTESIAN_POINT('',(111.852963417505,-1.38005130766623,0.));
#3994=CARTESIAN_POINT('',(129.352699704065,-1.28397893460596,0.));
#3995=CARTESIAN_POINT('',(129.352699704065,-1.28397893460596,0.));
#3996=CARTESIAN_POINT('',(0.,0.,0.));
#3997=CARTESIAN_POINT('',(-1.85580941346777,-5.70578403209273,-1.));
#3998=CARTESIAN_POINT('',(-1.85580941346777,-5.70578403209273,3.71851647919982));
#3999=CARTESIAN_POINT('',(-1.85580941346777,-5.70578403209273,0.281483520800175));
#4000=CARTESIAN_POINT('',(-1.85580941346777,-5.70578403209273,0.281483520800175));
#4001=CARTESIAN_POINT('',(-1.22815313850495,-5.90992958280873,0.482424861328048));
#4002=CARTESIAN_POINT('',(-0.597310312995697,-6.00336961077007,0.742698779680805));
#4003=CARTESIAN_POINT('',(0.0329390993349514,-5.99990958396333,1.));
#4004=CARTESIAN_POINT('',(0.0329390993349244,-5.99990958396333,1.));
#4005=CARTESIAN_POINT('',(0.0329390993349244,-5.99990958396333,2.));
#4006=CARTESIAN_POINT('',(0.0329390993349244,-5.99990958396333,3.));
#4007=CARTESIAN_POINT('',(0.0329390993349514,-5.99990958396333,3.));
#4008=CARTESIAN_POINT('',(-0.597310312995642,-6.00336961077007,3.25730122031933));
#4009=CARTESIAN_POINT('',(-1.22815313850495,-5.90992958280873,3.51757513867195));
#4010=CARTESIAN_POINT('',(-1.85580941346777,-5.70578403209273,3.71851647919982));
#4011=CARTESIAN_POINT('',(0.,1.77635683940025E-15,-1.));
#4012=CARTESIAN_POINT('',(-1.85580941346774,5.70578403209275,-1.));
#4013=CARTESIAN_POINT('',(-1.85580941346774,5.70578403209275,3.71851647919981));
#4014=CARTESIAN_POINT('',(-1.85580941346774,5.70578403209275,0.281483520800194));
#4015=CARTESIAN_POINT('',(-1.85580941346774,5.70578403209275,3.71851647919981));
#4016=CARTESIAN_POINT('',(-1.22815313850493,5.90992958280874,3.51757513867194));
#4017=CARTESIAN_POINT('',(-0.597310312997739,6.00336961077009,3.25730122031416));
#4018=CARTESIAN_POINT('',(0.0329390993349505,5.99990958396333,3.));
#4019=CARTESIAN_POINT('',(0.0329390993349665,5.99990958396333,3.));
#4020=CARTESIAN_POINT('',(0.0329390993349665,5.99990958396333,2.));
#4021=CARTESIAN_POINT('',(0.0329390993349665,5.99990958396333,1.));
#4022=CARTESIAN_POINT('',(0.0329390993352718,5.99990958396333,1.));
#4023=CARTESIAN_POINT('',(-0.597310313000033,6.00336961077013,0.742698779691987));
#4024=CARTESIAN_POINT('',(-1.22815313850485,5.90992958280876,0.482424861328118));
#4025=CARTESIAN_POINT('',(-1.85580941346774,5.70578403209275,0.281483520800188));
#4026=CARTESIAN_POINT('',(0.,1.77635683940025E-15,-1.));
#4027=CARTESIAN_POINT('',(111.836493867838,1.61990348431544,4.));
#4028=CARTESIAN_POINT('',(111.836493867838,1.61990348431544,4.));
#4029=CARTESIAN_POINT('',(111.852963417505,-1.38005130766623,4.));
#4030=CARTESIAN_POINT('',(129.336230154398,1.71597585737571,4.));
#4031=CARTESIAN_POINT('',(129.336230154398,1.71597585737571,4.));
#4032=CARTESIAN_POINT('',(129.352699704065,-1.28397893460596,4.));
#4033=CARTESIAN_POINT('',(129.352699704065,-1.28397893460596,4.));
#4034=CARTESIAN_POINT('',(111.852963417505,-1.38005130766623,4.));
#4035=CARTESIAN_POINT('',(81.8364938678378,1.61990348431544,4.));
#4036=CARTESIAN_POINT('',(81.8364938678378,1.61990348431544,4.));
#4037=CARTESIAN_POINT('',(81.8529634175053,-1.38005130766623,4.));
#4038=CARTESIAN_POINT('',(99.3362301543976,1.71597585737571,4.));
#4039=CARTESIAN_POINT('',(99.3362301543976,1.71597585737571,4.));
#4040=CARTESIAN_POINT('',(99.352699704065,-1.28397893460596,4.));
#4041=CARTESIAN_POINT('',(99.352699704065,-1.28397893460596,4.));
#4042=CARTESIAN_POINT('',(81.8529634175053,-1.38005130766623,4.));
#4043=CARTESIAN_POINT('',(51.8364938678378,1.61990348431544,4.));
#4044=CARTESIAN_POINT('',(51.8364938678378,1.61990348431544,4.));
#4045=CARTESIAN_POINT('',(51.8529634175053,-1.38005130766623,4.));
#4046=CARTESIAN_POINT('',(69.3362301543976,1.71597585737571,4.));
#4047=CARTESIAN_POINT('',(69.3362301543976,1.71597585737571,4.));
#4048=CARTESIAN_POINT('',(69.352699704065,-1.28397893460596,4.));
#4049=CARTESIAN_POINT('',(69.352699704065,-1.28397893460596,4.));
#4050=CARTESIAN_POINT('',(51.8529634175053,-1.38005130766623,4.));
#4051=CARTESIAN_POINT('',(21.8364938678378,1.61990348431544,4.));
#4052=CARTESIAN_POINT('',(21.8364938678378,1.61990348431544,4.));
#4053=CARTESIAN_POINT('',(21.8529634175053,-1.38005130766623,4.));
#4054=CARTESIAN_POINT('',(39.3362301543976,1.71597585737571,4.));
#4055=CARTESIAN_POINT('',(39.3362301543976,1.71597585737571,4.));
#4056=CARTESIAN_POINT('',(39.352699704065,-1.28397893460596,4.));
#4057=CARTESIAN_POINT('',(39.352699704065,-1.28397893460596,4.));
#4058=CARTESIAN_POINT('',(21.8529634175053,-1.38005130766623,4.));
#4059=CARTESIAN_POINT('',(-1.85580941346777,-5.70578403209273,4.));
#4060=CARTESIAN_POINT('',(-6.90000698437426,-5.03795592124625,4.));
#4061=CARTESIAN_POINT('',(-13.9322964487163,-4.10691376401902,4.));
#4062=CARTESIAN_POINT('',(140.023229866193,-4.23135725079818,4.));
#4063=CARTESIAN_POINT('',(143.099356787441,-4.21446952127361,4.));
#4064=CARTESIAN_POINT('',(140.,1.23414361501887E-14,4.));
#4065=CARTESIAN_POINT('',(143.099356787441,4.21446952127363,4.));
#4066=CARTESIAN_POINT('',(0.0274492494458081,4.99992465330278,4.));
#4067=CARTESIAN_POINT('',(-6.90000698437433,5.03795592124625,4.));
#4068=CARTESIAN_POINT('',(-13.9322964487162,4.10691376401903,4.));
#4069=CARTESIAN_POINT('',(-13.9322964487163,4.10691376401903,4.));
#4070=CARTESIAN_POINT('',(-13.3885603198514,3.46944695195361E-15,4.));
#4071=CARTESIAN_POINT('',(-12.,0.,4.));
#4072=CARTESIAN_POINT('',(-12.3314062499899,2.50315698618118,4.));
#4073=CARTESIAN_POINT('',(-12.3314062499899,-2.50315698618118,4.));
#4074=CARTESIAN_POINT('',(-0.538124999999727,4.06453213597451,4.));
#4075=CARTESIAN_POINT('',(-0.538125000026073,4.06453213597102,4.));
#4076=CARTESIAN_POINT('',(0.,0.,4.));
#4077=CARTESIAN_POINT('',(0.538124999999728,4.06453213597451,4.));
#4078=CARTESIAN_POINT('',(12.3314062499999,2.50315698617968,4.));
#4079=CARTESIAN_POINT('',(12.3314062499899,2.50315698618118,4.));
#4080=CARTESIAN_POINT('',(12.,0.,4.));
#4081=CARTESIAN_POINT('',(12.3314062499999,-2.50315698617968,4.));
#4082=CARTESIAN_POINT('',(0.538124999999731,-4.06453213597451,4.));
#4083=CARTESIAN_POINT('',(0.538124999983439,-4.06453213597667,4.));
#4084=CARTESIAN_POINT('',(0.,0.,4.));
#4085=CARTESIAN_POINT('',(-0.538124999999728,-4.06453213597451,4.));
#4086=CARTESIAN_POINT('',(-12.3314062499999,-2.50315698617968,4.));
#4087=CARTESIAN_POINT('',(0.,0.,4.));
#4088=CARTESIAN_POINT('',(0.,0.,2.));
#4089=CARTESIAN_POINT('',(3.85,0.,2.));
#4090=CARTESIAN_POINT('',(0.,0.,-1.));
#4091=CARTESIAN_POINT('',(-12.,0.,2.));
#4092=CARTESIAN_POINT('',(-12.3314062499899,-2.50315698618118,2.));
#4093=CARTESIAN_POINT('',(-12.3314062499899,2.50315698618118,2.));
#4094=CARTESIAN_POINT('',(-12.3314062499999,-2.50315698617968,2.));
#4095=CARTESIAN_POINT('',(-0.538124999999728,-4.06453213597451,2.));
#4096=CARTESIAN_POINT('',(0.,0.,2.));
#4097=CARTESIAN_POINT('',(0.538124999983439,-4.06453213597667,2.));
#4098=CARTESIAN_POINT('',(0.538124999999731,-4.06453213597451,2.));
#4099=CARTESIAN_POINT('',(12.3314062499999,-2.50315698617968,2.));
#4100=CARTESIAN_POINT('',(12.,0.,2.));
#4101=CARTESIAN_POINT('',(12.3314062499899,2.50315698618118,2.));
#4102=CARTESIAN_POINT('',(12.3314062499999,2.50315698617968,2.));
#4103=CARTESIAN_POINT('',(0.538124999999728,4.06453213597451,2.));
#4104=CARTESIAN_POINT('',(0.,0.,2.));
#4105=CARTESIAN_POINT('',(-0.538125000026073,4.06453213597102,2.));
#4106=CARTESIAN_POINT('',(-0.538124999999727,4.06453213597451,2.));
#4107=CARTESIAN_POINT('',(-12.,0.,2.));
#4108=CARTESIAN_POINT('',(-12.3314062499899,-2.50315698618118,2.));
#4109=CARTESIAN_POINT('',(-12.3314062499899,2.50315698618118,2.));
#4110=CARTESIAN_POINT('',(-12.,0.,2.));
#4111=CARTESIAN_POINT('',(-0.538124999999728,-4.06453213597451,2.));
#4112=CARTESIAN_POINT('',(-12.3314062499999,-2.50315698617968,2.));
#4113=CARTESIAN_POINT('',(0.538124999983439,-4.06453213597667,2.));
#4114=CARTESIAN_POINT('',(0.,0.,2.));
#4115=CARTESIAN_POINT('',(12.3314062499999,-2.50315698617968,2.));
#4116=CARTESIAN_POINT('',(0.538124999999731,-4.06453213597451,2.));
#4117=CARTESIAN_POINT('',(12.3314062499899,2.50315698618118,2.));
#4118=CARTESIAN_POINT('',(12.,0.,2.));
#4119=CARTESIAN_POINT('',(0.538124999999728,4.06453213597451,2.));
#4120=CARTESIAN_POINT('',(12.3314062499999,2.50315698617968,2.));
#4121=CARTESIAN_POINT('',(-0.538125000026073,4.06453213597102,2.));
#4122=CARTESIAN_POINT('',(0.,0.,2.));
#4123=CARTESIAN_POINT('',(-0.538124999999727,4.06453213597451,2.));
#4124=CARTESIAN_POINT('',(-6.90000698437427,-5.03795592124625,1.));
#4125=CARTESIAN_POINT('',(-6.90000698437427,-5.03795592124625,3.));
#4126=CARTESIAN_POINT('',(-13.9322964487162,-4.10691376401902,-1.));
#4127=CARTESIAN_POINT('',(-1.85580941346777,-5.70578403209273,-1.));
#4128=CARTESIAN_POINT('',(-6.90000698437433,5.03795592124625,3.));
#4129=CARTESIAN_POINT('',(-6.90000698437437,5.03795592124625,1.));
#4130=CARTESIAN_POINT('',(-13.9322964487162,4.10691376401903,-1.));
#4131=CARTESIAN_POINT('',(-13.9322964487162,4.10691376401903,-1.));
#4132=CARTESIAN_POINT('',(-13.3885603198514,3.46944695195361E-15,-14.));
#4133=CARTESIAN_POINT('',(140.028719716082,-5.23134218145874,1.));
#4134=CARTESIAN_POINT('',(140.028719716082,-5.23134218145874,1.));
#4135=CARTESIAN_POINT('',(140.028719716082,-5.23134218145874,2.));
#4136=CARTESIAN_POINT('',(140.028719716082,-5.23134218145874,3.));
#4137=CARTESIAN_POINT('',(0.0329390993349244,-5.99990958396333,3.));
#4138=CARTESIAN_POINT('',(0.0329390993349534,-5.99990958396333,2.));
#4139=CARTESIAN_POINT('',(140.028719716082,-5.23134218145874,1.));
#4140=CARTESIAN_POINT('',(141.083445959308,-5.22555180545219,0.538857674064097));
#4141=CARTESIAN_POINT('',(142.159577063043,-4.90559153622952,5.2467980801163E-14));
#4142=CARTESIAN_POINT('',(143.099356787441,-4.2144695212736,0.));
#4143=CARTESIAN_POINT('',(143.099356787441,4.21446952127363,0.));
#4144=CARTESIAN_POINT('',(142.159577063043,4.9055915362295,6.39508039908072E-16));
#4145=CARTESIAN_POINT('',(141.083445959307,5.22555180545216,0.538857674060248));
#4146=CARTESIAN_POINT('',(140.028719716082,5.23134218145876,1.));
#4147=CARTESIAN_POINT('',(140.028719716082,5.23134218145876,1.));
#4148=CARTESIAN_POINT('',(140.028719716082,5.23134218145876,2.));
#4149=CARTESIAN_POINT('',(140.028719716082,5.23134218145876,3.));
#4150=CARTESIAN_POINT('',(140.028719716082,5.23134218145876,3.));
#4151=CARTESIAN_POINT('',(141.083445959308,5.22555180545222,3.46114232593597));
#4152=CARTESIAN_POINT('',(142.159577063043,4.90559153622955,3.99999999999995));
#4153=CARTESIAN_POINT('',(143.099356787441,4.21446952127363,4.));
#4154=CARTESIAN_POINT('',(143.099356787441,-4.2144695212736,4.));
#4155=CARTESIAN_POINT('',(142.159577063043,-4.90559153622952,3.99999999999995));
#4156=CARTESIAN_POINT('',(141.083445959308,-5.22555180545219,3.46114232593606));
#4157=CARTESIAN_POINT('',(140.028719716082,-5.23134218145874,3.));
#4158=CARTESIAN_POINT('',(140.,1.23414361501887E-14,2.));
#4159=CARTESIAN_POINT('',(140.028719716082,5.23134218145876,3.));
#4160=CARTESIAN_POINT('',(0.032939099334913,5.99990958396333,1.));
#4161=CARTESIAN_POINT('',(140.028719716082,5.23134218145876,2.));
#4162=CARTESIAN_POINT('',(0.0274492494457949,-4.99992465330277,1.));
#4163=CARTESIAN_POINT('',(0.0274492494457928,-4.99992465330277,3.));
#4164=CARTESIAN_POINT('',(0.027449249445792,4.99992465330278,3.));
#4165=CARTESIAN_POINT('',(140.023229866193,4.23135725079821,1.));
#4166=CARTESIAN_POINT('',(21.8529634175053,-1.38005130766623,3.));
#4167=CARTESIAN_POINT('',(21.8529634175053,-1.38005130766623,3.));
#4168=CARTESIAN_POINT('',(21.8364938678378,1.61990348431544,3.));
#4169=CARTESIAN_POINT('',(21.8364938678378,1.61990348431544,3.));
#4170=CARTESIAN_POINT('',(21.8364938678378,1.61990348431544,3.));
#4171=CARTESIAN_POINT('',(21.8364938678378,1.61990348431544,3.));
#4172=CARTESIAN_POINT('',(39.352699704065,-1.28397893460596,3.));
#4173=CARTESIAN_POINT('',(39.352699704065,-1.28397893460596,3.));
#4174=CARTESIAN_POINT('',(21.8529634175053,-1.38005130766623,3.));
#4175=CARTESIAN_POINT('',(21.8529634175053,-1.38005130766623,3.));
#4176=CARTESIAN_POINT('',(39.3362301543976,1.71597585737571,3.));
#4177=CARTESIAN_POINT('',(39.3362301543976,1.71597585737571,3.));
#4178=CARTESIAN_POINT('',(39.352699704065,-1.28397893460596,3.));
#4179=CARTESIAN_POINT('',(39.352699704065,-1.28397893460596,3.));
#4180=CARTESIAN_POINT('',(39.3362301543976,1.71597585737571,3.));
#4181=CARTESIAN_POINT('',(39.3362301543976,1.71597585737571,3.));
#4182=CARTESIAN_POINT('',(0.,0.,3.));
#4183=CARTESIAN_POINT('',(51.8529634175053,-1.38005130766623,3.));
#4184=CARTESIAN_POINT('',(51.8529634175053,-1.38005130766623,3.));
#4185=CARTESIAN_POINT('',(51.8364938678378,1.61990348431544,3.));
#4186=CARTESIAN_POINT('',(51.8364938678378,1.61990348431544,3.));
#4187=CARTESIAN_POINT('',(51.8364938678378,1.61990348431544,3.));
#4188=CARTESIAN_POINT('',(51.8364938678378,1.61990348431544,3.));
#4189=CARTESIAN_POINT('',(69.352699704065,-1.28397893460596,3.));
#4190=CARTESIAN_POINT('',(69.352699704065,-1.28397893460596,3.));
#4191=CARTESIAN_POINT('',(51.8529634175053,-1.38005130766623,3.));
#4192=CARTESIAN_POINT('',(51.8529634175053,-1.38005130766623,3.));
#4193=CARTESIAN_POINT('',(69.3362301543976,1.71597585737571,3.));
#4194=CARTESIAN_POINT('',(69.3362301543976,1.71597585737571,3.));
#4195=CARTESIAN_POINT('',(69.352699704065,-1.28397893460596,3.));
#4196=CARTESIAN_POINT('',(69.352699704065,-1.28397893460596,3.));
#4197=CARTESIAN_POINT('',(69.3362301543976,1.71597585737571,3.));
#4198=CARTESIAN_POINT('',(69.3362301543976,1.71597585737571,3.));
#4199=CARTESIAN_POINT('',(0.,0.,3.));
#4200=CARTESIAN_POINT('',(81.8529634175053,-1.38005130766623,3.));
#4201=CARTESIAN_POINT('',(81.8529634175053,-1.38005130766623,3.));
#4202=CARTESIAN_POINT('',(81.8364938678378,1.61990348431544,3.));
#4203=CARTESIAN_POINT('',(81.8364938678378,1.61990348431544,3.));
#4204=CARTESIAN_POINT('',(81.8364938678378,1.61990348431544,3.));
#4205=CARTESIAN_POINT('',(81.8364938678378,1.61990348431544,3.));
#4206=CARTESIAN_POINT('',(99.352699704065,-1.28397893460596,3.));
#4207=CARTESIAN_POINT('',(99.352699704065,-1.28397893460596,3.));
#4208=CARTESIAN_POINT('',(81.8529634175053,-1.38005130766623,3.));
#4209=CARTESIAN_POINT('',(81.8529634175053,-1.38005130766623,3.));
#4210=CARTESIAN_POINT('',(99.3362301543976,1.71597585737571,3.));
#4211=CARTESIAN_POINT('',(99.3362301543976,1.71597585737571,3.));
#4212=CARTESIAN_POINT('',(99.352699704065,-1.28397893460596,3.));
#4213=CARTESIAN_POINT('',(99.352699704065,-1.28397893460596,3.));
#4214=CARTESIAN_POINT('',(99.3362301543976,1.71597585737571,3.));
#4215=CARTESIAN_POINT('',(99.3362301543976,1.71597585737571,3.));
#4216=CARTESIAN_POINT('',(0.,0.,3.));
#4217=CARTESIAN_POINT('',(111.852963417505,-1.38005130766623,3.));
#4218=CARTESIAN_POINT('',(111.852963417505,-1.38005130766623,3.));
#4219=CARTESIAN_POINT('',(111.836493867838,1.61990348431544,3.));
#4220=CARTESIAN_POINT('',(111.836493867838,1.61990348431544,3.));
#4221=CARTESIAN_POINT('',(111.836493867838,1.61990348431544,3.));
#4222=CARTESIAN_POINT('',(111.836493867838,1.61990348431544,3.));
#4223=CARTESIAN_POINT('',(129.352699704065,-1.28397893460596,3.));
#4224=CARTESIAN_POINT('',(129.352699704065,-1.28397893460596,3.));
#4225=CARTESIAN_POINT('',(111.852963417505,-1.38005130766623,3.));
#4226=CARTESIAN_POINT('',(111.852963417505,-1.38005130766623,3.));
#4227=CARTESIAN_POINT('',(129.336230154398,1.71597585737571,3.));
#4228=CARTESIAN_POINT('',(129.336230154398,1.71597585737571,3.));
#4229=CARTESIAN_POINT('',(129.352699704065,-1.28397893460596,3.));
#4230=CARTESIAN_POINT('',(129.352699704065,-1.28397893460596,3.));
#4231=CARTESIAN_POINT('',(129.336230154398,1.71597585737571,3.));
#4232=CARTESIAN_POINT('',(129.336230154398,1.71597585737571,3.));
#4233=CARTESIAN_POINT('',(0.,0.,3.));
#4234=CARTESIAN_POINT('',(21.8364938678378,1.61990348431544,1.));
#4235=CARTESIAN_POINT('',(21.8364938678378,1.61990348431544,1.));
#4236=CARTESIAN_POINT('',(21.8364938678378,1.61990348431544,1.));
#4237=CARTESIAN_POINT('',(21.8529634175053,-1.38005130766623,1.));
#4238=CARTESIAN_POINT('',(21.8529634175053,-1.38005130766623,1.));
#4239=CARTESIAN_POINT('',(21.8364938678378,1.61990348431544,1.));
#4240=CARTESIAN_POINT('',(21.8529634175053,-1.38005130766623,1.));
#4241=CARTESIAN_POINT('',(39.352699704065,-1.28397893460596,1.));
#4242=CARTESIAN_POINT('',(39.352699704065,-1.28397893460596,1.));
#4243=CARTESIAN_POINT('',(21.8529634175053,-1.38005130766623,1.));
#4244=CARTESIAN_POINT('',(39.352699704065,-1.28397893460596,1.));
#4245=CARTESIAN_POINT('',(39.3362301543976,1.71597585737571,1.));
#4246=CARTESIAN_POINT('',(39.3362301543976,1.71597585737571,1.));
#4247=CARTESIAN_POINT('',(39.352699704065,-1.28397893460596,1.));
#4248=CARTESIAN_POINT('',(39.3362301543976,1.71597585737571,1.));
#4249=CARTESIAN_POINT('',(39.3362301543976,1.71597585737571,1.));
#4250=CARTESIAN_POINT('',(0.,0.,1.));
#4251=CARTESIAN_POINT('',(51.8364938678378,1.61990348431544,1.));
#4252=CARTESIAN_POINT('',(51.8364938678378,1.61990348431544,1.));
#4253=CARTESIAN_POINT('',(51.8364938678378,1.61990348431544,1.));
#4254=CARTESIAN_POINT('',(51.8529634175053,-1.38005130766623,1.));
#4255=CARTESIAN_POINT('',(51.8529634175053,-1.38005130766623,1.));
#4256=CARTESIAN_POINT('',(51.8364938678378,1.61990348431544,1.));
#4257=CARTESIAN_POINT('',(51.8529634175053,-1.38005130766623,1.));
#4258=CARTESIAN_POINT('',(69.352699704065,-1.28397893460596,1.));
#4259=CARTESIAN_POINT('',(69.352699704065,-1.28397893460596,1.));
#4260=CARTESIAN_POINT('',(51.8529634175053,-1.38005130766623,1.));
#4261=CARTESIAN_POINT('',(69.352699704065,-1.28397893460596,1.));
#4262=CARTESIAN_POINT('',(69.3362301543976,1.71597585737571,1.));
#4263=CARTESIAN_POINT('',(69.3362301543976,1.71597585737571,1.));
#4264=CARTESIAN_POINT('',(69.352699704065,-1.28397893460596,1.));
#4265=CARTESIAN_POINT('',(69.3362301543976,1.71597585737571,1.));
#4266=CARTESIAN_POINT('',(69.3362301543976,1.71597585737571,1.));
#4267=CARTESIAN_POINT('',(0.,0.,1.));
#4268=CARTESIAN_POINT('',(81.8364938678378,1.61990348431544,1.));
#4269=CARTESIAN_POINT('',(81.8364938678378,1.61990348431544,1.));
#4270=CARTESIAN_POINT('',(81.8364938678378,1.61990348431544,1.));
#4271=CARTESIAN_POINT('',(81.8529634175053,-1.38005130766623,1.));
#4272=CARTESIAN_POINT('',(81.8529634175053,-1.38005130766623,1.));
#4273=CARTESIAN_POINT('',(81.8364938678378,1.61990348431544,1.));
#4274=CARTESIAN_POINT('',(81.8529634175053,-1.38005130766623,1.));
#4275=CARTESIAN_POINT('',(99.3526997040651,-1.28397893460596,1.));
#4276=CARTESIAN_POINT('',(99.3526997040651,-1.28397893460596,1.));
#4277=CARTESIAN_POINT('',(81.8529634175053,-1.38005130766623,1.));
#4278=CARTESIAN_POINT('',(99.3526997040651,-1.28397893460596,1.));
#4279=CARTESIAN_POINT('',(99.3362301543976,1.71597585737571,1.));
#4280=CARTESIAN_POINT('',(99.3362301543976,1.71597585737571,1.));
#4281=CARTESIAN_POINT('',(99.3526997040651,-1.28397893460596,1.));
#4282=CARTESIAN_POINT('',(99.3362301543976,1.71597585737571,1.));
#4283=CARTESIAN_POINT('',(99.3362301543976,1.71597585737571,1.));
#4284=CARTESIAN_POINT('',(0.,0.,1.));
#4285=CARTESIAN_POINT('',(111.836493867838,1.61990348431544,1.));
#4286=CARTESIAN_POINT('',(111.836493867838,1.61990348431544,1.));
#4287=CARTESIAN_POINT('',(111.836493867838,1.61990348431544,1.));
#4288=CARTESIAN_POINT('',(111.852963417505,-1.38005130766623,1.));
#4289=CARTESIAN_POINT('',(111.852963417505,-1.38005130766623,1.));
#4290=CARTESIAN_POINT('',(111.836493867838,1.61990348431544,1.));
#4291=CARTESIAN_POINT('',(111.852963417505,-1.38005130766623,1.));
#4292=CARTESIAN_POINT('',(129.352699704065,-1.28397893460596,1.));
#4293=CARTESIAN_POINT('',(129.352699704065,-1.28397893460596,1.));
#4294=CARTESIAN_POINT('',(111.852963417505,-1.38005130766623,1.));
#4295=CARTESIAN_POINT('',(129.352699704065,-1.28397893460596,1.));
#4296=CARTESIAN_POINT('',(129.336230154398,1.71597585737571,1.));
#4297=CARTESIAN_POINT('',(129.336230154398,1.71597585737571,1.));
#4298=CARTESIAN_POINT('',(129.352699704065,-1.28397893460596,1.));
#4299=CARTESIAN_POINT('',(129.336230154398,1.71597585737571,1.));
#4300=CARTESIAN_POINT('',(129.336230154398,1.71597585737571,1.));
#4301=CARTESIAN_POINT('',(0.,0.,1.));
#4302=CARTESIAN_POINT('',(4.79999999999995,26.75,11.));
#4303=CARTESIAN_POINT('',(10.8,-0.25,5.00000000000002));
#4304=CARTESIAN_POINT('',(-13.,8.74999999999998,16.));
#4305=CARTESIAN_POINT('',(10.8,-1.25,5.00000000000002));
#4306=MECHANICAL_DESIGN_GEOMETRIC_PRESENTATION_REPRESENTATION('',(#104),
#4311);
#4307=MECHANICAL_DESIGN_GEOMETRIC_PRESENTATION_REPRESENTATION('',(#105),
#4312);
#4308=MECHANICAL_DESIGN_GEOMETRIC_PRESENTATION_REPRESENTATION('',(#106),
#4313);
#4309=MECHANICAL_DESIGN_GEOMETRIC_PRESENTATION_REPRESENTATION('',(#107),
#4314);
#4310=(
GEOMETRIC_REPRESENTATION_CONTEXT(3)
GLOBAL_UNCERTAINTY_ASSIGNED_CONTEXT((#4315))
GLOBAL_UNIT_ASSIGNED_CONTEXT((#4325,#4321,#4320))
REPRESENTATION_CONTEXT('1','TOP_LEVEL_ASSEMBLY_PART')
);
#4311=(
GEOMETRIC_REPRESENTATION_CONTEXT(3)
GLOBAL_UNCERTAINTY_ASSIGNED_CONTEXT((#4316))
GLOBAL_UNIT_ASSIGNED_CONTEXT((#4325,#4321,#4320))
REPRESENTATION_CONTEXT('9g\X2\8235673A\X0\','COMPONENT_PART')
);
#4312=(
GEOMETRIC_REPRESENTATION_CONTEXT(3)
GLOBAL_UNCERTAINTY_ASSIGNED_CONTEXT((#4317))
GLOBAL_UNIT_ASSIGNED_CONTEXT((#4325,#4321,#4320))
REPRESENTATION_CONTEXT('\X2\56FA5B9A6746\X0\','COMPONENT_PART')
);
#4313=(
GEOMETRIC_REPRESENTATION_CONTEXT(3)
GLOBAL_UNCERTAINTY_ASSIGNED_CONTEXT((#4318))
GLOBAL_UNIT_ASSIGNED_CONTEXT((#4325,#4321,#4320))
REPRESENTATION_CONTEXT('\X2\684667B6\X0\','COMPONENT_PART')
);
#4314=(
GEOMETRIC_REPRESENTATION_CONTEXT(3)
GLOBAL_UNCERTAINTY_ASSIGNED_CONTEXT((#4319))
GLOBAL_UNIT_ASSIGNED_CONTEXT((#4325,#4321,#4320))
REPRESENTATION_CONTEXT('\X2\9F7F8F6E\X0\','COMPONENT_PART')
);
#4315=UNCERTAINTY_MEASURE_WITH_UNIT(LENGTH_MEASURE(2.E-5),#4325,
'DISTANCE_ACCURACY_VALUE','Maximum Tolerance applied to model');
#4316=UNCERTAINTY_MEASURE_WITH_UNIT(LENGTH_MEASURE(2.E-5),#4325,
'DISTANCE_ACCURACY_VALUE','Maximum Tolerance applied to model');
#4317=UNCERTAINTY_MEASURE_WITH_UNIT(LENGTH_MEASURE(2.E-5),#4325,
'DISTANCE_ACCURACY_VALUE','Maximum Tolerance applied to model');
#4318=UNCERTAINTY_MEASURE_WITH_UNIT(LENGTH_MEASURE(2.E-5),#4325,
'DISTANCE_ACCURACY_VALUE','Maximum Tolerance applied to model');
#4319=UNCERTAINTY_MEASURE_WITH_UNIT(LENGTH_MEASURE(0.0508),#4325,
'DISTANCE_ACCURACY_VALUE','Maximum Tolerance applied to model');
#4320=(
NAMED_UNIT(*)
SI_UNIT($,.STERADIAN.)
SOLID_ANGLE_UNIT()
);
#4321=(
CONVERSION_BASED_UNIT('DEGREE',#4323)
NAMED_UNIT(#4322)
PLANE_ANGLE_UNIT()
);
#4322=DIMENSIONAL_EXPONENTS(0.,0.,0.,0.,0.,0.,0.);
#4323=PLANE_ANGLE_MEASURE_WITH_UNIT(PLANE_ANGLE_MEASURE(0.0174532925),#4324);
#4324=(
NAMED_UNIT(*)
PLANE_ANGLE_UNIT()
SI_UNIT($,.RADIAN.)
);
#4325=(
LENGTH_UNIT()
NAMED_UNIT(*)
SI_UNIT(.MILLI.,.METRE.)
);
ENDSEC;
END-ISO-10303-21;
